telegram_id,username,tickets_count
304098685,Gashad0kuro,57716
90479410,slayerkillhate,24983
544687,topac23,22669
123052364,mi_six6,18657
5487407940,daylight1337,17896
693545762,Piiishan,17378
7562380638,juliettagest,10634
843831397,opl69,9776
1826590416,nordovskiy,8563
452778468,garizames,8229
962229602,anasteiisha77,7853
7020812346,lalyou,7796
7530825517,aka_yesssir,7576
7304204238,Iabbyby,7268
3068245,crypto_colddd,7107
5398900152,sprutel_pr,6948
550986114,MrAlvand,6849
7520288474,Frend_gift,6164
7246213032,paul_dswen,6162
5024301649,hateyou99,6033
521444552,Faller26,5989
5547498620,kutta,5872
7288052518,vanniel,5858
136391893,kovalda,5302
7642557836,depchik_dodep,5139
1860243632,Treyzitggg,4967
5759851418,Darkowasu,4822
7184903848,mob3rr,4390
7765051394,andersoll_zolotovsky,4290
5229840395,FigursNihon,4228
7128841001,invsty,4165
522138037,neposredstvenno_kaba,4093
5718448120,WWturn,4081
6865197106,hoodhq,3959
793074224,nosex,3879
8172286856,dimamichalkov,3864
5723244505,fishbetter,3782
387239336,pppiinn,3734
6153881664,lildrughill,3571
910893821,iamsad,3350
397559262,kyokks,3103
1128110931,poxyism,3101
7883499873,wekufy,3059
1973135997,DaKiddi,3023
523855783,Svyat_96,2944
6918669144,donate_moon,2937
1232734610,kxldaev,2888
6756800838,AlexBurnwood,2800
1225277156,old_xxlxx,2769
409854249,GGTONADMIN,2723
6946806949,Spl1nteP,2668
1839437211,id1808228,2634
620870380,olegsuperstar3,2606
1558622241,BoxerSp,2597
85704855,mcduck,2565
5288574931,YaNikomyNeDamVdolg,2515
7731630031,skywrathmage,2512
8185199694,itsohitherin,2474
6240893016,prokopyan163,2474
305094295,ladesov,2417
1006576642,meshokotami,2284
5195116051,wrx3xrw,2253
7325280498,WWrelayer,2195
1816448042,xokav,2170
5270990174,MARKL1NCK,2115
801210732,biznecrypto,2052
5026630158,CE555KC,2031
965251210,techiqqe,1980
7328429006,alexgladkin,1955
6793922165,KissedlFrog,1922
1117263009,krusitek,1920
7725782963,dog_gilf,1900
7545188574,MainProjectX,1886
6027173502,Sayhoon_YT,1883
7489870484,ho3eiin00,1880
1142864199,Sskssj211,1867
8019608326,shinkar111,1848
468148879,valeradurov,1770
1047369964,Remmaped,1753
898468514,EgorF_N,1748
6557833729,fedetoy,1735
8054121370,deadlinexc,1730
769196098,maluygoat,1712
7412852083,qutkii,1693
6132810451,Veruy7,1681
857476985,vanbay,1672
362619510,Rizesin,1641
7994000625,AzKamazZ,1631
5107359350,Bogdan_Tag,1615
6502359394,globaldurov,1603
1498882914,gospod,1598
5835121411,pavel_tg456,1597
1078276630,M_571632i,1578
7719311253,stillqq0,1577
1296903924,Bloodray0_1,1564
7231915007,Hiaway,1556
8318966,fakemurd,1544
5931278694,krnbyvas,1528
6303541560,Why_you_are_gay,1519
1790888507,tkdwtfff,1469
5259290827,nikto_q,1466
835983068,kassurp,1458
502868666,Shaddowalker,1424
7186937212,dinksik,1411
5149790548,e1010,1410
1205504115,azarov15,1390
6373884968,Orangeeeeeee3,1381
931766227,yungplataaa,1343
812433170,GoodzDay,1324
6641024124,ShavelDurov,1318
7728140079,elprimo,1312
5344452689,nevmenozslk,1278
7907463472,trust_wallet_supporr,1265
469344131,del_offf,1258
7093215451,ajmal_ahmad_i,1241
5022156247,Andrew_999_039,1210
2029840856,orb1tqt,1209
723676776,AlexLidman,1178
5120347191,LemonDii_0,1157
909870770,WalterKowach,1156
784613110,timo6kin,1111
5282638182,husneiw,1086
593165672,IlJI44,1071
506761763,ke_Ppa,1070
5310229968,pafpf,1070
1285753595,dealerfuck,1070
6574743468,Ladovol,1060
5958427085,tonytonskiy,1053
1755160045,GIORGI93,1048
7005678101,lazzero37,1042
1060483862,Desperulkin,1036
8084992775,voxrationis,992
1883605050,lykooos,967
7472017595,gazz_workaet1,967
6837278473,jdhdbd_d,966
7252457081,sa4iz1k,948
5464592834,AAndreena13,925
6438229207,lilyoungrichest,920
5276135365,bbvfgdjxkd,903
2108484873,bobidjon6,903
7601552159,headphantom,902
924453440,densaros,898
5825717206,richmasih,890
6075059148,rirxd,887
618893756,Crypto_pooll,886
1770598415,BidiBald,884
1970625835,russian_pepe,877
8199517414,satoshi_huyamoto888,876
7280522947,syntheseos,870
5572134241,Goodratowner,863
5211091280,advokatsyy,860
6018138107,PolIo_so2,860
375201510,sexyspider,853
1101679915,SoIusFortis,853
81726504,impouya,852
393374761,mementos3,850
7527147676,nikitagg6,832
6978736760,Abdulopahan,828
905542637,fom_dj,823
7356182654,t4mathy,816
798988385,wpirs,815
860685642,sanyyaass,802
669602114,fdasascdvxc,795
6061013855,managerkrem,791
7377723408,meowy,790
977589246,Future_krms,778
2124742588,robocot3000,777
1034057821,He_LLIyti,775
376438072,GoodwinLMAO,750
8296332188,houmeles,740
975180783,rrrrrkkkskksk,737
6358074217,aminsiko,726
7707730631,avalc,724
5039998914,anybis14,721
1017085611,WhatTheFOX,718
1369373788,MrDelyxDAO,716
7620871849,ttoniee,702
1456138405,qpAHToM,701
1971571061,Hhhhhhhdddee,699
6348188274,rayanoxq,693
1057098591,arseniy231,691
6950270764,halfbacks,688
6665317770,n0pe12,687
7051078802,Nikita_3434,684
6146652529,why_nikita,676
1333944445,davizacon,664
7702391782,soulssgift,659
585822203,MisterBekaOfficial,646
6109970375,artemabuzoff,645
5235051874,starstggreat1,644
1012435345,qdeg77,638
1994427118,Vladingss333,626
129559141,arthurr,625
106825985,Lilnumb,616
1046552798,titriks,598
1067875912,sichonok3,596
6242764410,bulingsI,592
491757797,v1sualist,591
8021755803,bagdurov,581
1981852166,fenebutt,581
1045205119,BabyAksela,579
449459145,AmoraIfag,563
1982724580,Jopovgoga,560
5858465626,xCRYPTOxMOONxCEOx,555
354738973,rxvcx,555
5734022568,L_e_p_r_e_c_h_a_u_n,554
6716364030,AAmuey,554
7021163368,ladnosnobie,554
588983098,popupoxc,553
7220177406,Ssoocchi,544
5414532711,mahdi2634,543
7663520772,bearstg,542
7880741392,youdrok,541
1856494234,ciatwo,540
1039957236,lil_brouk,539
749936652,ceoofthisworld,539
7618226662,tubikanduser,538
6058973093,Aristo_TAG,536
968466896,Cactooooo,534
8015773927,katynft,533
572723977,Incognito_ruli4,533
6057006254,boss_ton,532
911724385,vapemaga,530
8311791437,papakarlo11i,526
1861288068,bebbia,518
789006207,BOCKPECHETE,507
950391046,whyniga,506
719038769,WillEinKuss,501
835562650,mooortem,483
6785032444,Arseniy_na_hate,483
73555541,Piiishan2,480
901130629,vitalik777777,474
1100889367,smokysgs,472
480707117,mytimeisreal,470
1229707243,RagnaFall,468
7708159857,fdasfasdffds,467
6427585155,pasya69,467
6779059746,aIfredos,466
1145563544,dess_dp,466
1506272385,CBATEP_APECT,465
280549507,WholeLotBlack,465
1805412189,arvvin,455
757835491,w4oso,454
678798918,ahmechka,453
1281821403,FIVESTARNURIK,451
1778923050,mikvladi,451
1157679004,sankabelka228,447
6279020562,S1rex_01,447
1942267108,mrazotaaaaaaaaaaaa,446
6039803982,diaxans,444
998523322,kamapulla,444
1338620139,yeMoftbar,441
7538965112,,439
981226963,suaold,436
1317414799,weqqwe1,435
7645231260,JinxWhale,434
649072490,youkenir,431
946356446,holderpep,423
8097127332,topokirka,421
85896395,oleg001,421
6000289760,razbanperesild,420
2144634554,EXPECT1VE2K25,419
773227353,nairima,416
5185851781,spblil,413
8229093344,ne_monk,413
765239701,web3goy,413
5288946574,kommdaTag,406
6644412336,maksimsol07,401
5138714106,NaRadostMame,400
7599763037,fuuucccccckkkkkkk,398
6978762073,Enternity_Officiall,397
418650370,justv1,395
1047969289,TheTimeGivesYouMind,388
1694772444,povzov,381
1172913436,why_glava,381
2013766810,Farsng,376
1771760860,Y3lkin,376
2083233821,rohach1,361
1058451426,bestonex,359
8055853715,maybeforex,356
7395490620,Yuldoshev_usa,355
1245471754,Speedy322,354
7050456672,onzho,353
2020091535,Kirieshka9_9,350
936831473,ymmsanya,347
5359993184,Bany_gg,341
952413062,pripey,338
7329008053,Spdxkxjjaj,333
7332824805,artartstall,333
7620683168,Luek45,330
6350052899,withloveyourss,329
5358891386,awaraged,325
5167113416,bigassenjoyer,324
423808776,deadbrainmonke,322
5599905833,niqorozza,322
7909479470,hogriq,320
8036383376,llacla,319
343548102,o_why,318
6990890819,,317
6280433233,PV_AMIRALl,316
2074395901,Serabudabu,306
1224972003,Awensis7777,303
103329993,Mrwhhh,301
80393544,Mentaltsar,299
1624234676,inzy_1,299
7497460394,maybeNIMA,298
1899600457,swagslizz,297
5408353536,RealHighRoller,294
5991847299,banwhych,292
6111280281,motorflush,290
811804113,xxx16lines,289
5679775491,godmodetg,287
910941849,miedv,284
1324817123,yukichwan,282
5249102124,sidney_666,280
1763386210,Horliteq,280
8199444161,BloknotDurovaAdmin,280
5577989651,PrvMmli,278
6949708552,retety227,278
6562194364,Starlinkoff,277
5144649465,kra17sava,277
421761770,Bismarck1,276
7224582227,shommbool,276
7179476496,t_madrid2,276
950986141,Chzkeks,274
1268573786,le_vouche,272
5861787608,psychosoftly,266
424706664,mentyarik008,265
1108927851,glufkgdjgdhkcfhxjg,265
1324492313,AK_RAF,261
5015830029,yudaevv,258
6375365788,Mits_061,258
2028055547,Vanysha69,258
216653124,MasterRahbar,255
1842697366,A001MP_RUS,253
1192509703,lervolverg,252
6901538187,polkalolkatrall,250
1956612366,sla8a8,248
1058466921,asar_me,247
7573742889,KillAngel00911,246
5502233570,mhdi_sp2,246
1560556883,kkai4ngel,245
837544232,wee4kick,243
6800978040,Ikintyyy,243
1693108151,fchernn,241
5829737898,POGYT,240
6964258763,ManagerPoTrafficy,240
970866895,Mega_Zakup,239
7951859619,Kduxidje,239
565814753,slademiu,233
5404984364,gippocratt,232
509394369,thetukan,231
1083318149,Ar_2007V,230
62289213,Sharifian6440,229
7463593778,Raman_amm,229
964626582,,229
6978541797,Jenyyy_Officiall,228
6163614363,ABTINNFT,228
6398563406,Hotyfy,227
1917312143,MrMil,227
648171815,gorillaglue,226
7388370047,kis_tg,225
8129349680,LegitalBanderas,224
6352478374,m777_blog,224
882182,kefired,223
6186324008,IDLUCA,223
424132678,avilment,223
5808949847,sssme9,221
7949519588,mrnshkx,219
2023630814,Evelon169,218
5276130013,panchik_2006_hali,217
373422175,mmd_0v0,217
5450238884,Rostor_lzt,216
2118322684,shah014,215
8147445758,sioplb,214
399601117,chugaaa,211
6219069758,denis08152,211
7966092141,suchiykid,209
1703073499,zlopun,206
6885741654,admfora,203
7454664626,ID_PH0ENIX,201
5389851181,vinterfil,201
7320301121,Sureiamin,201
5560457243,wpersonxd,199
6520321678,jejusshjsbek,198
511353819,Dell1122,196
5458237064,koloft,195
1419298955,realElixir,195
6310227366,D1e1n11,193
1302837154,oglaced,192
5240892930,aghrab,190
1970599599,Abobus2222gg,189
5720191759,Volkiriy93,189
7568761713,mvpcrystal,189
7640259421,un_detect,188
5827085066,fufel_tag,188
931777691,krlajobb,187
6458170091,Robatxc,186
5901465587,vinchester41,186
1516790731,sultanssea,186
1907371178,Vadimka2301,185
803435331,Sinsaylexa228,184
6502542880,Ahora369s,183
1617704340,GERSIDE,182
8089531241,Artur_Yerov,181
7591696020,SyrPryzHold,181
7542055178,devyoufoo,181
7025114494,Blood_Reyna,179
8179983956,thesomid,179
7817595780,slyapak,177
993614815,Latiinyaga,176
300938271,callpolize,176
5747553171,jean_shok,176
5420187590,pen1lo,176
6484533981,Pv_mi,175
18533487,afrozi,175
1527012809,weather_rrr,174
776996165,serdce_i,174
981736921,r_m19g,172
1752361786,Sallimi,171
752434837,pro100_nick1,170
1126614461,fnoxe,170
5597625067,brocry,170
5802822996,bonprix_0,170
919972401,headshot,170
560722411,Amaxasl,170
997173257,alinov07,170
1767821729,sheleq,168
416283405,d_vasimov,167
6493560631,iD_MR_MOZ,167
792525980,kentariiiii,167
381979091,JetPulse,167
6128474210,verifynickname,167
5356314782,PV_mobhAm1,166
737173565,kistayyyyy,166
1408056571,neooooooooooooooooooooooooo,165
6841963575,Nsjd_zfr,164
318813094,Tg_Willy,163
771216188,artwhdm,162
1728334657,Dedpytun,161
955167102,weaselcrow,161
6456849044,cs20h,160
7011612658,Mr_dimond_gift,160
1752225826,BalexanderB,159
1433423748,slick,158
457524948,EvRu1,157
7505083693,glebbasedgod,157
757671800,Dosya_E,156
1638451888,kessWW,155
719112612,boyarsskyy,155
1160636682,APECTOVAN_B_MOCKBE,155
7563414819,Minman9,153
1085618975,frukiss,153
5440728038,cch1b1k,152
6419798390,Danilka21_09,151
5237468303,extazy_dealer,151
370861249,SeeYouAt420,151
1495081334,ipablo_dev,151
789270473,tsumatsuu,150
8113063062,stepa711,150
721044013,skyplaner777,149
7041783289,printerpoker,149
8187960684,szarum,149
2001125701,Rostishka_Oyes,149
637258016,xnsense,148
596460868,faith1337,147
1666880333,crashsys7em,147
782944564,kkaver,147
5066616882,Faithful_Jesus,146
6526642074,idsato,146
1257751177,MAKS00N4IK,146
6922735539,magomadovx,143
603773597,xaraks,142
934961905,gutav84,142
6048975433,xrimv,139
685416511,BLIZZARDA,139
7100107775,weqqweshop,139
1400682654,zibzabovich,138
276704251,kizam_i,138
7124857503,krokodil_nastya,137
8083112822,Rytik10,134
7376212709,twerk_off,133
5105140530,korallxd,133
6396877182,Alirezaa_as_90,133
8344600310,Nahcci,133
5544928457,loryyyxcvv,132
7893058246,xuesostik,132
158712410,Windfake,132
1595198289,brawlermq,132
6514293873,APUCTOKPAT52,132
1932145446,genius_mark,132
1339392484,Kirya_buntar,132
1003301463,bober_blin3,131
349189061,whatitwastoday,130
917097061,sdertyxz,130
1356586468,Svetiika,130
489173821,diarsane,129
5840010681,wega077,128
968565869,Entereer,127
6826327603,itsjesus11,127
1684049425,ririsssa,127
1174714544,CMEPTb_Freyyy,126
6057290342,Temasqzx,124
1769068314,amirs_rmz,124
1328438377,narkomanus,124
5689801907,Xokera7,123
554947627,omionlyone,122
749239614,azaazamaza,122
1405494054,xsqqo,121
659280756,Magnet1Que,121
7120824098,HomFonsDom,121
7631562129,Moorniings,121
5980937710,Meeqlo,121
7353522473,YTKaru2101,121
1895676677,Bitcoin_B4,121
840667212,pom4ali,120
1058007569,arseniiiiiiiiiiiii,120
5070672429,nesoxk,119
113313959,Morabi,119
646852515,dhrurueu,119
8367638002,vMSNv,119
1115963661,torluc,119
843044686,vvsgermanchik,119
7388786970,pr1me_cuper,119
5408292314,hajdike,118
788757921,dnttxtmenvr,117
6626226906,matik_r5,117
527354533,twezzxluv,116
5495954826,isn_iancpan,116
636262389,emoo_emooo,116
7624090738,EbalNegretosika,115
6944280214,Cherny777,115
5214040601,DoNi_Luxury,115
701498683,DenisMSL,115
1780328531,mxkeevsky,113
1158803702,emoprincess77,113
1746191417,babi_leshli,113
421143333,pazantre32,113
6606179161,kakhramonov1cc,112
610991849,ReGaRd_8,111
5108706918,Fr3akzz,110
7957934077,wantedkaiser,110
6836562037,cheetos777a,110
1933267208,vkt0rya,110
1834505941,ezhikcrypto,110
6109112138,Justanyhelper,109
7508101154,TySochi,108
5109992366,ramik0202,107
7344748624,Warlordgoblin,107
2140967716,qwasvadim,107
6030805366,pvjorj,107
1453036199,fearoftraff,106
549789942,Sokolik_pro,106
8122491551,sberfia,106
7664547911,sachok28,106
1693011449,boommonk,105
1936454597,CCC000CC,104
356677015,mrflooder,103
1847425733,dwwres,103
7218005557,vipdevand,102
6648094839,pzeef,101
5557769220,DaringWayBR,101
1226376650,keceddy,101
260868681,gym_marketer,100
1051924611,wer_chik,100
8260109724,jf_hdbd,99
6368420731,samsacrime,99
943836758,Gest_czx,99
1771389306,welzz34,99
7212545569,MAJOR_OAE,99
7940139090,SorryLoveLive,99
1050442648,matvey_yy,98
7690452656,BeIoyar,98
555917309,Astorioo,98
7538898178,chikiribang,98
8109946526,knowsobased,97
5939841794,Win0ex,97
5598096441,ZhitnikDmitry,96
270519257,karimslim12,96
2022678164,makso5_5,96
895257715,ioio000ioiogg,96
6955035338,Mohkk23,96
7000865104,ValoLife,96
7375002483,,95
7535961258,personazh,94
5395807215,toncler,94
553388293,Retmes,93
6223430072,Ris_J,93
5474448899,zolotoytag,91
888523511,inkari69,91
8029409784,,91
5067335155,chezeko,90
6693228293,Creatmacker,90
6685137353,Blumgreen120,90
823590332,Wizzardgod,90
1272253504,nolimitwin,90
7099488422,lemish92,90
848772284,Be1m3x,89
162585207,Shlavat,89
7106455261,GodMover,89
7517810096,SeyShahaab,89
5175813697,Sanwixx_xxx,89
442890093,oktamov818,88
5200477023,Nekommamushi,88
6521837976,yourxbossx,87
7865577601,qq_swag,87
1220730974,Roko33,87
1631385482,DaniaFan,86
6673834373,imRetry,86
1275792643,roos_ters,86
5230104972,Pav1_Durov,86
6473218082,aezertt,85
295517380,SiTi_siti_SiTi,85
386101727,cryptofopiya,85
5323008931,kappadril,84
392593420,z4vtrak,83
8072398828,islandynamic,83
7180183512,totalsecretprofile,83
7007348979,fanatka_humster,83
7421657578,CeoPepa,83
722579317,INTERmight,83
1516520595,imd3t,82
7752925644,Cherful_TG,82
1833683780,hinjik,82
509300690,mr_abol,82
519371068,Shade_3,82
576903666,qpkxqq,82
6119724802,DarkMonarchss,82
2112943291,whyska,81
901456540,bart_zm,81
1534962926,sellagift,80
35235896,darhel,80
6722886506,Takoy_Umarchik,80
6720376726,nemaDNl,80
1621858232,F0ldik,79
7847827593,EQabol,79
1505330959,NEO_rivs,79
8013867574,m0dex,79
1340487578,Ligu4ka,79
643179997,ZEVAGD,79
5134557059,anyamarei,79
6085761723,Aabboobbuuss,77
859247252,eblny,77
674027527,Mahastla,77
5878463036,d2zzey,76
1738624605,kurdoo,75
7735667326,pocelyemsyaa,75
555867496,rosnabloke,75
8271552143,dododhd,75
5841427459,wywyn,75
7773331600,Somepainl,75
8336283836,heyho011,74
1743967864,hgfghjig252,74
7898001191,,73
6629913021,painson,73
6704727742,offkemkem,73
901832707,baraban228882,73
1460777804,whathaveyoudone3,73
838573623,xantoshaxx,72
6368713252,eldzs,72
6558290277,NorthNigger,72
5156556835,Rama05_05,71
1204412284,just_a_prank_bro,71
1633264727,No_name_c3po,71
1278773404,OLEG861783,71
1329992388,smokeswag,70
1411536629,yar0slave1,70
5028999151,Sssup4ik,70
435052974,Pavnik79,70
7763093913,Salimanor,69
8145279435,voiq1,69
6695345410,wersssss,69
827443908,AIdaramine,69
5777521414,sioki,69
5241648638,zovchikvovchick,69
262727578,KhodeBezi,69
1027105517,jack_filt,68
7123327811,ahyet,68
5291625829,andrusho228,68
5557278819,eddddd0001,68
1638887046,Analitik_Titek,67
5005555368,MaximCherepanov,67
760510648,brendealer,67
5366863447,teelenage,66
227501371,fozzepe,66
1027458054,doxen228,66
270110928,Algorix_alor,66
5436839861,why_s1kelzzz,66
1829488699,Loniss_az,66
1359547153,sshuraev,66
1132232024,rizkez4,65
5814357887,jordandzevich,65
1015014127,Pavel_Durov_monk,65
7600088617,,65
7262441311,Kevin11Bacon,64
5514609114,parhom1s,63
1952030194,BOOBS33,63
723895032,lexkeks,63
6499714069,vvvvvvvv363,63
1862796968,awqza,63
1255627009,spekzzOFF,62
1804545924,ddanya12,62
2071799232,Shopppp_yugy,62
8155568514,Tho4ik,62
7071238634,PlayGameOEN,62
1026574290,Sema777738,62
6110023799,tummy_hella_triger,61
399553113,mojonature,61
847195754,laaaa_politia,61
8177093433,DELTAARESTOVAN,61
1365874717,reslyy,61
1895926748,P48843,61
466480727,qwebxi,60
833452257,Kaynshida,60
1132812483,xpsDendi,60
1104602800,star1na77,60
6366342816,sendyourseIf,59
5202830746,soslan121,59
1367705800,mirakvomirak,59
5458694307,mahdi_takam,59
7925230296,PeniPhobia,59
1919982563,suigetsu92,58
1739333791,Krotik009,58
1782120348,VR060,58
1678539952,https_net,58
7556464696,lhmanager2,58
797586147,nikkkitttaaaa,58
7087642303,Ahihabmuin,58
6453242352,wixuzkapaiwsj,58
7882472204,sixtzx,57
7146143844,rygme,57
958028349,Fjfjfjrnrbvrv,57
5040197579,KolyaCh4,57
6805082546,MELO4IK21,57
861290953,barabarabara229,57
1926095936,Crtyzz,56
7807450720,privatebucks,56
7183020291,qazuzs,56
1755451464,L8KA08,56
582676556,QQAAZZOG,56
8361717775,lovegogift1,56
1327459842,DeStAnY18,55
2095290688,jornbjerk,55
1738998406,aaliparadox,55
606848040,RabotyagaDanya,55
5080813062,ImBadKot,55
5021913190,vanexekc13,55
481526201,zZZzVVKS,54
1582919876,agentguy,54
6441332505,plugVZ,54
5427802052,Ghufie,54
1014161527,IAMSKAXDIGL,54
5441598647,AbdullaKZ,54
6276974023,DN_POSHTIBANI,54
872710218,Guater228,53
928945323,ESNWR,53
7138700145,peronerrrr,53
1906029798,skiwazyq,53
624438846,zakharfilatov,53
434535620,ggkelly,53
5532036941,Smtrox,53
1123984618,Mr_Hado,53
5895748550,Pohuyouz,53
1811877363,pspqjbb,53
897691030,shu_tca,52
1405583218,qf1qzzzz,52
1479775431,nxchxlnik,52
1047861894,AndreevPetr1,52
6780370560,Yabloko177,52
7946255430,Nomoskoni4,52
7028332533,Amin_f57,51
642080360,unluckrity,51
5585395477,Ton9l,51
7805082788,qdmitry_077,51
7472871001,CELENTANO42,50
7068371311,ahadkitush,50
7733387333,kesteb,50
2015921295,Bear870,50
8139899210,msnsmakakams,50
6644822700,smollton,50
7907589011,Tplayerd,50
5438098255,komaxh,50
999795124,Hikkisad,50
5959106947,bax_tiiiw,50
8268149280,Solddesign,50
5243631984,melonkk,50
768271662,deepins_02,49
1224977368,wolkers16,49
7100768033,yagaplugg,49
7714924883,RealSilvioDante,49
7015978760,MR_ARSHAMM,49
1043161472,BE30TBETCTBEHHOCTb,49
1452137263,nichtog,49
889747575,mglave,49
5459170962,Sanya_Mask,48
7556598011,ImK3K,48
6056688349,Iucfr,48
8443394525,soozm,48
284725068,matwwey,48
5255456152,wagmax,47
5972289570,nazarqc,46
7424708453,sbe2003mia,46
5261231191,NaumenkoAI,46
7348851303,why163,46
1118630802,klyxq,46
7173015555,BettyBetsu,46
6411509537,Yunga_gos_222,46
5431715728,decryo,46
5645321065,formasteronly,46
6831487458,az91i048,45
5209458328,swagmodern,45
2093679896,GarantGevorik,45
7350354555,Thekuper12,45
7274223069,dhdushsu,45
6741160725,Swateryy,44
868566194,moh1352rab,44
1022510595,mescaIine,44
5278897647,Unfazed01,44
433147988,River_1368,44
5240233491,chop_chop_chop007,44
7746028769,BE4HOSTb,44
7689959838,skokkt,44
667340193,youluci,43
746448680,a6767676,43
5591384988,pofic777,43
5396457683,southkid,42
577514165,nenavigy_mateshy1,42
1009759453,Yelikkkk,42
7366944850,Namelessking_42,42
853616217,Vano_777in,42
7232433198,gasaicvv,42
2068525501,Footballl14,42
6591391434,Itsmeta1,42
6673622390,lmil7xx,41
7775481344,toqqizyuzbir,41
5472516423,nocleps,41
8032064055,,41
973615078,williwonka999,41
319554241,mopklu,41
940168643,mtt_sports_xyz,41
7017136376,Scarmafia,41
8110767035,Artemboyyy,41
877653866,EvgenyStupakov,41
6982666767,ami1hosein,41
733434117,HugardeH,40
6455760966,zzxxzuu,40
122947197,dosefr3,40
405027722,Hoplex,40
6783863163,sfpa15,40
2045479010,Kirilloss1,40
7233160187,id_TheBest,40
582007994,Ilya_Still,40
799837796,temkocash,39
1340415522,vladislav_03dp,39
1266854044,nisaxis,39
5930636751,xazon_orzu,39
1478642420,sanches23382,39
5595575289,A1b2c3c1,39
5976284847,The_cheshat,39
123990724,RZA_FIROUZI,39
6415306573,Pv_Faded,39
2042944010,Santa_cod,39
5738147168,Dev0urMySelf,38
5490123957,barlasb1,38
1929393425,M_re_za,38
1770124448,less_14545,38
6433023352,EmeIyaPechkin,38
993643982,s1kks,38
5707249449,Alirizo_MS,38
6436542318,habibanaconda,38
5203967147,dmitt_pm,38
5159454091,desolate9,37
87743640,Sirpunks,37
1331742973,truetrendsetter,37
7399174685,PV_Silvi,37
624219039,ilya_walter,37
6328961832,grootcrypto,37
7928812330,memodead,37
5873681131,Pod_ushko228,37
7045121833,vindez,36
6227321182,Goodyroxys,36
992740676,get_tune,36
1025653409,arten23s,36
6634308211,,36
1741444399,Sky_Lerrrr,36
7128243117,FindShayan,36
233525788,mrbehjatiiisup,36
5662919178,zremr,36
650049411,makarovcom,36
5868853024,Ry1zze14,36
7771298048,idyzamechtoy,36
1272433321,danik5322,35
5420941410,sffkai11,35
5728193600,korobochka64,35
717932849,qhrome_hearts,35
389313756,zhenyokkkk,35
1386971816,ZavadaMax,35
873626940,bloody_lean,35
2042871695,pon4toy,35
7346300752,lukalox1,35
212217443,Akriver9,35
5308105179,Ma91k,34
8149222956,mayor_mwd,34
5801329683,goshachebu,34
7895354760,lazzeroo,34
5129003413,AbTiN_TLG,34
6335391544,fuckwallapop,34
1199932887,godether,34
6631836598,thls666,34
999395223,Kvizzar,34
5105010242,westpf,34
7967478428,Kroshforever,34
5197344892,SSTBU,33
1739554636,dragoniil_fff,33
8056841325,boryasvino,33
5928985039,fokandrey1987,33
5519909230,cere6ro,33
6336923932,Saskold,33
7075022117,goydurova_TON,33
7895427846,YoungSorepey,33
1011183255,qweporo,33
2060941138,A_Ntghi,33
5839603234,AlirezaQPC,33
1141145103,ssmetnka,33
267064864,min4bi,33
7970867469,FFoxZic,33
969718293,FARDDIIIINNN,32
886169426,AB_HD_2417,32
5528054542,v_report,32
6712737232,PVMMR,32
7910107543,Alex_luciy,32
614006052,movvo,32
1189318711,dyspraxia_fault,31
388230103,Loss_86,31
1859007845,jdjdjdjfift,31
7403136211,maedetj,31
5900626238,vlumeri,31
1706619827,paateam,31
1638287997,Shels07,31
1143977984,UpSetMK,31
8141766857,soblazneniy,31
1053307454,yavdepressii,31
7737888045,kychertg,31
5368680989,dyxtey,31
711376795,ceruuuleean,30
670674453,goIoszakadrom,30
7741558852,AnonymAgent,30
6522323484,mertvvnutrisovchera,30
6028180039,ItsAvle,30
1273739857,clalr,30
729409769,nedogoblin,30
852071203,WMWMWMWMWMWMWMWMMWMWMWMWMWMWMWMW,30
535923780,dan4ikvworke,30
1230571364,cryxbladydbtw,30
961668421,Chineseeeeeeeeeeeeee,30
534098179,hodorneverdie,30
2087825536,NoSleepy,30
5344352374,MeGuM1nOT,30
7947508440,corbonaro,30
8145915939,mishanyapopa,30
499408684,GuaniGucha,30
981992021,luvsosa,30
750424163,qwxxxn,29
5008450522,perfectname_dis,29
7799164001,danissimo_29,29
6571731029,,29
1748108610,qqvvyo,29
6596359179,yemajid,29
1632321976,XXX014XXX,28
6583117608,Hajbob,28
7653217520,gjngkk,28
6665485411,VeeRan4ik,28
7473475028,Zowt1ks,28
857911656,zhuk8_8,28
6091503474,packwa,28
6048907312,apple_tolha,28
6598002306,man_snowmen,28
7808193087,zaz1halkaaa,28
5366523466,mdmc06,28
6850507974,dishkawia,28
5794472585,gl0mo,28
1169772168,PSYTERORR,27
1128666103,Sembyoz,27
1010088477,Sigma_niqto,27
1305911398,Timosha9l,27
6149380634,swagteacher,27
5690412263,Animatedwallpapers_admin,27
577460821,bendeveryone,27
7461167677,Aabul,27
5013851137,Yazdan38,27
5650114263,DmitriyShikin1991,27
6762365175,Tonelsi,27
909606543,L_A_M_P_A5,27
851028356,leps_nft,27
1229935720,suicide_boy,27
5590558817,AErsh0w,27
6981193019,AmIIR_NT,27
1924132251,MONEY_MAJOR,26
1067326100,WW_sqf,26
794977148,fcknTpayp,26
7958994893,DutchFemoid,26
8109686529,intxv,26
5257959872,cr24cr,26
2073548521,whale_fragment,26
6043371437,kafuda,26
1790866059,gandonggy,26
6120479372,alyadora1,26
595039116,primeTRAIDE,26
5768742388,Asiimov_FT,26
1425034978,miner_point,26
2041361793,dafqy,26
8476070470,iirebaz,26
961921785,Za4emtebe,26
1042314938,nbakosta,25
74677589,mars_l,25
6716496675,Geometry_Dash33,25
6434623909,oilberry,25
166393,yantexx,25
922786063,crayzytapochek,25
5585918553,maksoton,25
1232719883,WonAndDer,25
7618750381,haterharmasy,25
5955577594,koolasikk,24
777495355,existeduser,24
7580559334,bedoozer,24
1658944622,Bybitmaster,24
2067865900,nemat_okez01,24
479401533,KennyShibkov,24
375280149,vladimir_nerovnov,24
2007020851,bumbloxer,24
5161352556,exitwork,24
5765949057,Wonderful_qq,24
7003485958,arasharfax,24
865203133,freski_2,24
6129880821,yake3ir,24
6371657892,Iostuser,24
6662652494,gudehka,24
7822199312,Gubilay,24
757595023,Rlster,24
5343479704,Morgan_Harda,24
6427000060,hickxl,23
1132939526,Tylers_nft,23
1419528198,endorphinforu,23
1514824523,KorDiool,23
1775059175,Tukqwq,23
1346600119,StikerFeeD,23
132570715,ehteram,23
970750079,Azamatkhaisarov,23
934290196,intenselyyy,23
434824794,zeroxch,23
1479091625,FedaArtem,23
1126729259,Akatenchick,23
768114275,imzonked777,23
7372498545,rinngarant,23
6618752501,petya_1234567,23
8086114268,Artembogx,23
6765202950,uzikk1,23
6328119983,Natnsq,23
7357942515,disssape,23
5318605986,Lahnaka,23
6862240295,BLESSGIVE,23
622550350,Kroddist,22
725443699,ceoton,22
1167072155,jxkewrld,22
6785399788,unbil,22
1755519982,laksno,22
5264053654,slavanochka_a,22
7737161719,iDimiDimiDim,22
7067536163,WorldSoprano,22
6354926137,Amin6G,22
1265977405,rouzik_s,22
1990443466,ArtemKasparyan,22
1854539250,NXS_tornado,22
945781140,abobusnapadaet,22
5333481365,CDOX_B_ADY,22
5242123760,spunterz,22
7623809116,used026,22
540008004,lyublyu_yanu,22
1710980329,Sennizzzz,21
625747685,fnfyysn,21
405802864,meg4m1nd,21
1873241361,TonCoinLeader,21
261894535,weakwill,21
485479008,lnvincibleGladiator,21
7337201723,justguywithidea,21
7800356839,kagamidie,21
6301424816,solyarka92,21
1354407402,gift_inspector,21
5199682459,arrinnww,21
6822592711,YuA1ex,21
1601715179,MamadrezNinj,21
6150359821,URTVT,21
7373023088,kputukyet,21
5419977951,rnsdr,21
6346873223,,21
5203635216,mrspuff2,21
814781337,boootryk,21
1154484076,B_POCCUU,20
721775624,ndurov,20
511890769,Alekskeis,20
430755023,enkvinima,20
1072551455,cherrrsh,20
5533726476,chartermc,20
1623996755,da_diddy,20
2049915432,lamer222,20
5084078867,Daxakkk,20
7510932587,pavlos1k,20
6917404945,L1ll1lll1l,20
892820731,codename0,20
678378848,ren_tik96,20
650418228,batislaw,20
92963793,Ara_salahi,20
5977870475,hugerain,20
7365845716,BurtLancaster5,20
5768284233,sandess1,20
7610937907,Bluelorik,20
7752224964,jkjjjhghj,20
6632954722,ata_nextt,20
1449458948,ArtemBiznesMen,20
981515877,berkutmrw,20
1705961671,Hamedajj,20
7468469190,Danyar_505,19
635944813,xeucr,19
1778630372,sosxp,19
871694594,SoldierBoy,19
846748206,OnFairfax,19
8125982104,durovKOSMOS,19
6704301586,medak3,19
6131151512,king_blum,19
7308287411,karateltvoy,19
585795825,Veg_IT,19
1084105247,erdonmybody,19
6716387090,capibarchik777,19
6318004698,guberNaor,19
7020106049,loexl,19
2046366927,roise_v2raysupport,19
6610062442,mrxxiii,19
6897505301,CMEPTbI666,19
6647770941,xivieus001,19
1093968217,MoneyOftheGood,19
5479214739,br_dany,19
7249996217,Neeed_a,19
5328329131,hzzzk,18
985045046,Jaba72,18
2132678809,Saiklppz,18
950272110,Roks31,18
1720866035,noveyshi,18
6164604635,,18
429253424,SashaYurko,18
207897560,kentuxa,18
5966017822,Amir_msy1,18
5246435285,com009iq,18
1222272011,Kost_mos,18
434228338,fwysj17hd5r,18
6592769902,minwi1xd,18
473999110,sadidike,18
6422697219,Forsernn,18
524742746,Mitinvl,18
1204663665,academiknayk,18
7378274106,shortestuser,18
7420263870,WwAziK,18
234240332,xolderr,18
1295770645,ataevanat,18
263256804,Alisepbar,18
1810273191,pu_ff,18
2115154029,yletaem1,17
7313849383,OgPouya,17
1912689789,sad2way,17
95658021,nikoueialireza,17
6601395513,ctrlov,17
779893290,Vit1010,17
5038282025,snoplock,17
2134440344,DmitryShar0v,17
7494122884,qzude_oka,17
5780513433,AK_belanov,17
6213667497,itMorteza,17
7538141962,fakecrying,17
688675202,x_XRONOS_x,17
6483347350,WSEGDA_ODiN,17
1446635075,justpaveldurov,17
695917532,haeshqa,17
1627756025,timurk9,17
7177918525,oaxise,17
7269811113,Y0Zl0,17
7997891353,arnaque_limited,17
736824418,ali_matani,16
1326184152,PaulDurovFriend,16
1419438932,Milikron,16
1037865929,switchwhip,16
826954216,Alaomii,16
1195435653,J8scke,16
1345134382,smitsamuel,16
944346893,LexanDR1x,16
783088329,VIadRom,16
5776394912,Mehdi_rzy,16
7671639030,Harckary,16
1179212369,DisneyGyfi,16
5810505708,Fleok,16
8082540753,vesta0506,16
5647005746,Mdufuf,16
1448730178,sshkvar,16
1425548949,wyeou,16
6556113626,M58pbm,16
1664503611,qlsoslandy,16
1164230467,dkdlql,16
865178331,tilxd,16
1310886577,islammeshvez,16
5551275845,leanewss,16
1485759062,Batiskaf9,16
6466194728,ivan208g,16
7288282387,Amirhossein282828,16
8328764907,Ejklz,16
866101084,gedsar,16
6206331737,Lublu_sodu,15
5245931191,YBIDbstrax,15
1098984897,ka1f_ar1k,15
2121089860,Velikikingg47,15
6917293635,crulor4,15
927652138,diforst,15
1913995981,Greatest0x,15
5070649518,Patsetkosivrodulo,15
1160360732,adamantiygym,15
383964439,kawamajiawa,15
889094890,rulafi,15
5795800446,sashaa2201,15
1734101596,zawsoo,15
6966422824,Skysigma,15
7929803784,PeHo3,15
1551446213,konorleo,15
792029186,palm039,15
1328342920,santjagonav,15
7002233714,sanex_88,15
7850908204,orbida,15
6247726208,izztisstiys,15
8278100969,,15
1516287588,rane1kay,15
6140599356,King15179,15
5488292642,rr_abmin,15
1043709614,fact0ry3,15
7020579467,Sonic_garantik,15
7482372580,ornuxyy,15
1765098610,ArtexTON,15
453587908,YTRASKOL,15
1073233925,RichCatsOfficial,15
1146382865,danilLytuch,14
5289088363,Sabir_Kat,14
819015435,serega_rendz,14
5298657634,neVETKA_xD,14
1716005530,neptyn4ik,14
53849124,Ahmadi134922,14
7134980090,Fraydazix,14
1033790453,k0u0t,14
5977731053,elpuri13,14
2071632524,Arahis15,14
1241499462,dianazzm,14
763584026,broimceo,14
6011039388,Rabinhoooooooood,14
801413752,p1q2w,14
2092581768,n1kotim1,14
929012680,diiivergent,14
1824030812,exeZzzzzzzz,14
857971918,FokusNik13,14
6719356612,PaatrickSwayze,14
1436393425,jeekaj,14
2143784135,Twisterq22,14
897432782,eternaltearless,14
6761574338,mu1err,14
2077048544,nenene91,14
1083556220,by_onewin,14
5682018169,not_savely,14
5285463060,AmirArabZen,14
727293430,Krom1311,14
542092748,kkiiaammM,14
2022333723,iluvittt,13
1274717783,toribro,13
1287010862,capt0x,13
5601027533,tcavv,13
1098851210,Kitkovv,13
6185698217,arseniy_iooo,13
1809151911,sardorbekoff1,13
1713414825,krufnik,13
1380743102,dakakblyat,13
275872092,oivana,13
5190810437,lazzyblock,13
5225574364,s_lll_v,13
5099053366,Megotlost,13
6087996208,Alex207777,13
429624336,porowokk,13
6662740937,irina_tonso,13
5288711195,Faitan_28,13
5941583528,keyrsadik,13
653413144,mobidikkk,13
6078766740,rfchydo,13
959684030,Arash_aio456,13
2111453199,Genius_Pig,13
8338260753,OGShemil,13
1469124146,gg_rolls,13
783877477,quzix,13
7227375260,IsmailRustamov,13
1603557335,Hizotry,13
7651880443,KKATAHAA,13
6476997494,Nitron69,13
412970696,odnolyub,13
6127421987,SEKCICT,13
8299307941,Ghaaazaal_a,13
5399487992,temaislands,13
361255461,wace8,13
1420985413,lvl_ap_anon,13
5846239293,BOUCTUHY_BOCKPECE,13
7854874705,durov_pedick,12
7687591450,Tow2on,12
818668382,myr2021,12
1186187350,nospreadhvh,12
1719419607,PrimePhantom,12
6045309879,Kara_pv,12
5403240470,Sagdullayev_571,12
7522096023,stive1104,12
1612526867,noonegavhav,12
5288844952,Tradingmem,12
6529940223,fomina_blondinka,12
503653462,Mihxaail,12
5620150882,notasa1nt,12
5174292586,KENTHDH,12
1677987712,Ochiiha,12
5997457522,UIIIIIIIIIIIIL,12
808367453,YaDinarka,12
400531269,MarllleL,12
6153673284,alrback,12
722060613,Vladick2281,12
5308690278,surkovICE,12
1731514771,qwertynono,12
7404869890,Ins1derTON,12
7962829397,ho3einer,12
6648358317,Gastusha,12
5197169707,snegovik_373,12
1131061902,WakaBox,12
5274725200,BlxxdyMary,12
443250513,zemlyak,12
7157286358,byglebas,11
1538792314,tim_tii,11
1765471734,pablo_eck0bar,11
804831422,didjey222,11
900082928,xcluse,11
5473642520,I_Sma5h_I,11
5023336729,apart_78,11
426907115,Sevlenty,11
620022357,olohhasoha,11
6563109681,KitKat7774,11
1786989743,MaXiMuMxq,11
6979109325,LukasLallemant,11
7238228421,dreeeaaaaameeeeeer,11
6133439042,DarkPlazer,11
1209274999,ChytryStefan,11
633301489,Malashss,11
7283896336,tri333ki,11
201224705,Aminpkr,11
1454918485,leleleleleaaaaae,11
8101743923,lm_Dictator,11
7044005296,fckumeow,11
852771070,Wooldewil,11
8151437631,Bobxuzangai228,11
6688705890,OG_AMlR,11
8340747302,,11
7850113076,Onlahze,11
5860479656,secretov1ch,11
5369214501,revsrs,11
412180857,abpsii,11
7167465601,fakenews0_0,11
2146424342,suslikMTTG,11
6261308899,mb_aristokrat,11
1570938628,happy_pavel2,11
1535322081,vorvzakonnne,11
977094117,HiGhAm1rr,11
54741738,dannyIdle,11
1225160952,y333yy77,11
6993389104,ebalmadrid,11
6908397181,emamiHabib9853,10
531256528,sosynec666,10
7560602357,repfl,10
696224388,Dragggard,10
1283681976,janekurjudope,10
5010838378,arbibc,10
6164501541,sk8erj123,10
5448228406,Biznes_Capitalist,10
563026902,KostyaZ3,10
1077071564,ololoshka3,10
6044343201,popuskaet,10
2122055167,saeedelahiy,10
216353211,LEO_BITCOINS,10
1670975065,china_tea1,10
6686712793,Wapwaprrr,10
7099787957,bezdelob,10
5344936686,saintsamoor,10
885243278,a5aaad,10
1003219605,fozzy432,10
1255889253,sasha_ne_takoy,10
854432804,PAbloMCo,10
7667673134,PabloCratos,10
7274520606,mrgianni,10
5807470570,Artabai,10
6737244594,byxaq,10
5185451442,marv1k1337,10
6754318115,gorglori,10
7931242710,truebucks,10
6609534040,Factorica1,10
1958781928,snchka,10
6412533388,owner_xkx,10
1786470479,Bitc0in_com,10
1282446905,takoy_andrew,10
90284456,MGRosn,10
1636282096,Arsen332,10
1282448630,vladyslav0x,10
782789977,KO3018,10
5001104801,Vent12,10
1615,malev,10
7819571926,Mr_Chams,10
2032368254,UpByX,10
878862794,Danix4,10
5337889981,DataCenterTelegram,10
1198440060,k1oooyn,10
6560441507,badnemon,10
8186965917,rimus100,10
640961485,dafunny,10
521035481,balmyd,10
7402458088,solvcrypt,10
1379394402,cryptolyonya,10
7384631722,TrumpFlex,10
5506542294,k1rrrrrrr,10
8019160020,kupon27,10
7639288278,Call_mahdi,10
6445466473,zaobnumala,10
503118393,razrabotchik,10
6498891245,max1xk,10
804578743,K4RTS1K,10
2144540024,Butcher081,10
8001703221,iRamten,10
7294915293,welryz,10
1305280944,Glavni_sames,10
6688788073,squeaksq,10
7610519207,Revnt,10
1639976952,Zeeevsik,10
5867735415,Chpoknulisme,10
478566439,Scarle2Zer0,10
314494589,mr_m640,10
792733353,devDema,10
7650436659,realsrpv,10
7385791879,weturus,10
1928864919,Katxati,9
1540822483,savakot22,9
241067674,terramaster,9
5930788982,Nemojetbit4455,9
902871242,ilya_chiberyov,9
5637836745,fufel2281902,9
1056534681,MidNeLane,9
6384784205,eeteham,9
5723553316,ArtemGRcom,9
6632695037,Ria_twd,9
6454423039,coxzu,9
5233414299,DIGpups,9
2129285055,TonUQA,9
5302720990,Nektaaa,9
864699631,Jhonnyabu,9
1981749448,RomBig228335,9
5373059808,black_porsche,9
7386854659,,9
7204095276,angel14881337,9
444737973,Nikitoster1,9
1093170519,royaltykid,9
1030218168,stekliashkasaransk,9
1221639283,BRUNELLKO,9
5460629687,vip_tursunov,9
902953506,MrMarbin,9
6300733534,swaga_is_present,9
6704145287,SoroushGh77,9
5685991064,kimka_W,9
8150384739,skaduw,9
5244633065,skarface4,9
971037052,margielakid,9
370337331,BigBoy322,9
5652911964,Anisimov_n17,9
5523720599,alikarami8789,9
6909379493,Pnmahdi,9
5336326308,PV_danials,9
990386907,chaynekk,9
1168205970,hatkovv,9
6219689022,hittinmotherfuckin,8
1641422895,ojsansonvegan,8
5278992852,SenHed,8
5538306298,kkks14,8
459039430,mrbehjati,8
7247069735,wetakush,8
7963381,NotStableUsername,8
422314002,sideyoshi,8
5275311412,PavloPashaPablo,8
7591929706,amutere,8
7410426637,Beriblyad,8
461311523,x0m9k_44RUS,8
930774321,GroVe999,8
5164596760,ifester,8
5524537777,MeloFiin,8
901079891,ogulny,8
915519456,handnounow,8
2045879762,Creatiweb,8
853334303,maganevoruy,8
6061025009,nikita174736,8
7763562212,paranoiq117,8
1595605952,HaibullaK,8
290777829,WesternElf,8
951947410,leonaraqva,8
7085419501,meowmyrar,8
7933361830,anusgod,8
7592815294,Parheeew,8
6499074065,PVABOLF,8
994931363,ggggggg231,8
5563184977,Qwertph,8
1199790826,KATASHI78,8
646088689,b1essedsoul,8
7203053361,Lordezik,8
8024893515,feymovaq,8
1641697973,teepixi,8
7958787200,Msplhmi,8
6590881168,taanyia,8
5786619342,robert_rrrrr,8
5565715872,HpeHzuI,8
1637901125,Iklis08,8
6142656694,bulliiing,8
969577498,setwarning,8
6539307546,rrttttpggg,8
190098188,Rozari4_Agro,8
8199193778,,8
5027013650,diasofa,8
981075989,ksazkxkxj,8
1752037395,Krtnzzz,8
373529752,dotcyaa,8
6713234848,HALESONO,8
1337784242,aintnarcissist,7
1225776867,romfxx,7
8127795300,Asas381,7
5393162111,naillkka,7
7632895711,hwmir,7
853666918,Skywal1ker,7
665608579,,7
1028408083,Chelove4ekBLET,7
6256124627,Kefir707,7
8112213445,xperimentt,7
7458597802,oronick,7
6146274112,Bettercallsoheil,7
5528322315,amr_16a,7
764526068,ArtiSTdamn,7
2047277014,yandexmarketlavka666,7
914300542,Scorpllon,7
5076392876,fortunaway,7
1141134698,Danillmaxwin,7
710371024,mirzabek040,7
1266447666,Toxic952,7
7482260892,eh3an,7
1825711015,u787s,7
711289308,mentodd,7
7529447062,d01ste,7
2047931242,mousebaff,7
5143963067,L0remy,7
751582541,Svtlna94,7
5363556803,Qasrenken,7
1791521478,sergeyyosadchy,7
2050349616,singo0d,7
958426508,Papa_Carllo,7
1673865372,FilthyHandid,7
998177431,kertyzz,7
959405132,shitgotenemy,7
7880672211,capy_talent,7
1531528050,m5e63,7
6978465312,iddao,7
7109193168,tonckup,7
6895950801,Renozol,7
6989813730,gxjoz,7
1133619175,zaahaarroova,7
7984489837,vyebone,7
6055903930,barashinnettle,7
7703964732,Alavki,7
1539926700,Digrafov,7
6653337918,forek1s,7
5393118079,Delon000,7
6174848018,VovasNov,7
1249948472,crulf,7
7053043693,asfbedtrip,7
819544700,av1ce,7
6944719689,tgBalel,7
391769232,theodorusss,7
2038060634,zouij,7
2100743766,kidsgrove,7
5334692630,myrel,7
5672363735,Vezynchik_vezde,7
735447616,sqgon,7
1501853379,zhurkin_i,6
769162130,ihmlpkm,6
1751659897,Ve1osa,6
5282477574,probablydied,6
1382255138,thesmile77,6
1213947139,kind_uncle,6
7514272502,Mone_isma,6
979867524,vahoo182,6
1650750497,rkalinin6,6
7140625623,uncooperation,6
7486030495,illandr,6
7163045360,yan3108,6
5012619578,v1deI,6
7929137109,Happy111286,6
6322319942,tox_me,6
7488201602,Yiilllii,6
7706674957,holllder,6
272320246,Marz1360,6
422101943,Evgeniy8829,6
1949957486,Momazii,6
2094650927,kirillwer,6
160272253,nanakulikova,6
1030711627,Amirreza_dh,6
489917937,rzhadko,6
1387123387,hategvnc,6
764341592,Nazar_Hs,6
8136440232,Voidaminam,6
6753120451,Iliyaopo,6
7168556296,sociaIbroke,6
604986305,lamthebest,6
1330679339,Dumij,6
7933443250,kr1ck_scm,6
5175148711,danilchick07,6
5397195165,Goatqk,6
5637089510,Unec_1,6
5283250388,Shnurki36,6
965068738,saintsluv,6
6472448322,valera1545,6
5024594115,FEDaLom,6
1217874420,Ars35686,6
1645419206,nasvay_barmy,6
869970393,xavaetmozgi,6
1815443091,behneam,6
5803042923,lamlolital,6
1546476993,Sashka_Trump,6
1065672563,toxau,6
5287825587,Adsll,6
758719923,HlebFreeFire227,6
6024174219,B1IB1I,6
6704327957,NonCertain,6
5182363296,putnik2422,6
5892570843,ABGORJI,6
735602892,g7CheKA,6
5495096256,nirett,6
1732501173,wakies,6
5672809655,gao44_22,6
2039398534,Bratiskz,6
1279945789,There_is_JDH,6
6831261762,JocadoBS,6
1699024265,Misssssssssshanya,6
1244658477,hustlertme,6
5615447073,parsawashere,6
7116446120,DARK7778889990,6
6141261723,RootAcces404,6
7188036667,ecoloot,6
5551972106,nikita312245,6
5174209982,imwertyx,6
5294706248,,6
6284334067,spayx66,6
5000362895,ScaT0,6
7091458269,User_Polo,6
1244842,mehtii,6
5137578217,Brat5566As,6
6700823664,luijx,6
1130338479,anfisavivi,6
7373180373,wornvxbz,6
5284293161,Macvich,6
1316672485,Exzorc11st,6
1515441937,EsMee_91,6
2018285935,ponytno796,6
1866126637,Pankratov_black,6
1608241348,r3nD_mmm,6
8380348954,hateinterpol,6
5166070460,,6
1202545981,bande_khoda_bbkhshid,6
7703469072,byTripix,6
737293432,Hommma,6
629095883,OlegVolleyball,5
642404545,umellstroy,5
5213637250,artix_007,5
1478809660,NIGGERIAswaga,5
485155275,pittoxa111,5
513923318,ZORGFLOW,5
1307841129,Samoha1611,5
1446316793,btcowner,5
426354975,LoveMarsianka,5
1917294269,alex_cor_87,5
5824345878,erikyano16,5
6037045016,Aydamlvv,5
1717851284,unostayhard,5
5446197450,ParsaGolestani,5
769056885,schweizman,5
1110019453,KolyaZeroTwo,5
7335987706,Zxzxznx,5
5883046690,Lodamartt,5
150069872,BTCNOM,5
7092078235,rainnndrop,5
7319665099,the2hosein,5
5427337769,panda33ru,5
1286545497,isoter1k,5
1096378892,twoh2h,5
744231103,aleksander_semin,5
5756235270,TopBeautician,5
404150502,gaaru15,5
7547250628,kaddaba_sellerr,5
1374340948,gorilov,5
1132896905,playmaker2024,5
7334921231,cecterna,5
676705840,Fleshpoint,5
1947927385,Lezikhin,5
6930648276,kdunai,5
6496578904,gonude,5
7571411925,magengod,5
896606072,maximkekw,5
5483796218,Sadeghrsn,5
87209764,rocketman,5
1318492531,Matinxwo,5
1075238530,Neiroks,5
780357988,chromearchangel,5
5015395035,Marw978,5
6045975741,KH4L1DN,5
7991831068,mmd_khanjani,5
5830308492,schesilver,5
5505865862,KADP1385,5
1023125581,mikha1I,5
1811808509,dfsgsdfxcv,5
7116382630,pypypy039,5
5268742320,sharptag,5
5853410919,Vzxlrj,5
888880772,alkston,5
5474771056,JUNBESH,5
198604403,Alexey113,5
8415554306,,5
5320557457,lovekodein,5
299444259,amir_gamer8877,5
1335619153,bosyannn,5
6546785757,OwnedByOGM,5
5710029489,tocker_poker,5
252660944,Svetik_ua,5
8044447574,brz004,5
948900958,Fedyabeypov,5
7343293517,obiavo,5
1128120856,Kirill_kirill231,5
1502665149,Rich_ark,5
1763693580,gradik_legenda,5
1628701423,Gift_Investor,5
676262224,joodeci,5
6365412681,No_name_937,5
6857459212,Walupz,5
7710484478,Power_litet,5
7585462998,Fezerskup,5
1691705486,sidodeI,5
7280247431,volkov_nft2,5
116801410,ARKO_2407,5
1019060414,kaiakun,5
811681482,nastyadolbaeb,5
5249933647,mnogo_sru,5
1005357152,AHOHUMOYS,5
1247100870,Mehdi_Cryptou,5
113636531,Upaa78,5
7624556123,prxzxc,5
6731208489,jshahzjz,5
1471277310,huxos,5
5652603850,Premium_IRINN_SUP,5
5374050751,DurovGas,5
6654856603,mainpy_ua,5
1863773287,Oxxxymirontabits,5
933587504,worth222,5
7601689528,ImloMash,5
5046118892,KARTOFAN_LEGEND,5
1144270878,Radm1rch1k,5
8074750400,kurtibo28,5
719908302,iuiwiqwqqpp,5
5426160268,brshox,5
1281100897,kleee01,5
599848891,flawio_moscowski,5
6820910692,Inf3rna1s,5
8245343965,Daniellacalas,5
6945808485,KNAYZX,5
7993034740,falcon_gambit,5
649384896,al1enofficial,5
5572224616,Rasvet_23,5
1900748002,ggncbn,5
5246788490,nepotyanem,5
1139872275,morty0_0,5
1499198484,slishdalbaebiebanye,5
839755091,psychopathickid,5
7125346669,Legionpal,5
7760804341,jatemag,5
6519196275,youloder,5
8033544428,,5
1467846024,FindEnduro,5
716018840,hellawm,5
7666537633,ninlii,5
7199908040,hanixx329,5
5345943137,Itachi_Uchiha_2,5
367858545,MrJo777,5
1008339530,DurovPEPEE,5
1941414531,,5
7562005522,twist_app,5
1750903644,yanixxx3,5
2065593194,henskd,5
7768723374,Mooortyyyy,5
8456139666,disnaric,5
977537468,saekikes_boy,4
803399148,Kashmar176,4
7829770315,bygrillex,4
739922986,casinoplaye,4
811034734,Armageto,4
7572437237,Canpat_kot,4
6400169523,wevxgwv,4
6156341648,Mirzo149,4
58583908,amrosini,4
1900790708,butcherishere,4
1131584245,rusi52,4
2067211201,Khanzad_kurd,4
1439738286,Milakrasivam,4
7666932664,Torgdeal,4
1230414200,lirililarilaagu,4
691351672,,4
1280056437,DEmedderAD,4
5256174580,GGmyth,4
5811567375,TheMaslooo,4
1228214826,CAMCA_B_POCTOBE,4
5782621049,kbrbkk,4
518163371,SabinaMRS,4
1175335156,xax_baby,4
679309151,Illia1504,4
1319761355,PRIVET_9I_u3_XAPbKOBA,4
665539825,denissooo,4
8018377002,HarpaliYT,4
914768835,mos_obnal,4
6275519056,RCCQR,4
744700668,markcs2,4
1312368609,Lunkaqwer,4
7227773795,bylygirl,4
7068331528,azakiwork,4
811698548,mal_mo,4
563970150,Oleg78542,4
7532546692,jmlix,4
7282745467,nekopickme,4
5608567140,zkrnmzv121,4
872658049,neuderzhuumyy,4
2005490593,sjwobdzosm,4
553337726,mlkwway,4
6167677604,Pharaoh63473750,4
5258510791,Svist_t,4
1367890553,maxotooo,4
8078038905,Sunatullooke,4
999604964,patrypapa,4
730428046,pppiikkaa,4
7224417482,hols_ten,4
1946054007,tarriwx,4
897722967,drncxd,4
888445938,ALidskiy,4
5893430399,Efi_baboli,4
6591431533,Al69Jr,4
1769164414,Spidate,4
883457276,zzolddd,4
5509295009,s_e_r_g_o_7,4
5381396442,markov12346,4
818867428,Davudos,4
954969926,QQpprw,4
777377107,YuraPyataev,4
7786966324,,4
1774825775,STESYASHKA,4
1140559884,chivaao,4
1636524978,Number1_2_3_4_5,4
7901070126,NFT_PODAROCHEK,4
1770645185,ybludok2009,4
1347706624,sajat85,4
7403875784,Pradityya,4
1377951312,The_Good_gg,4
7524148204,King_crypto5,4
413489998,olffloolf,4
1862402569,FroggyBoss1,4
1678211828,InternetExplorer404,4
1029419670,swaIlowtail,4
1080513028,nesudipo228,4
847266255,bugsisbad,4
5081528333,Kripochik,4
1051615618,Denort8777,4
7693419480,Kabandoma,4
7599540120,muufrd,4
1422290642,Kkkaktuus,4
479804908,Duxmade,4
6396862802,aaaaogg,4
961404264,kaktuss17,4
6807009714,pushok1880,4
6490079070,Arbuzikgg,4
422797745,projoker,4
6579190642,tren_alekzz,4
1936204982,karberator200,4
1785915175,PARSAofTON,4
7680830163,dvyxlichnui,4
5305813829,Aliwoli,4
1444957449,nwq31,4
5166463732,Ei7362772,4
5072375497,,3
5271843953,Bubenchik15,3
6047418122,oscurecer,3
779144176,alexxdy7,3
5387658856,Dadruuz,3
666702764,georgegarson,3
1931077601,TOMOCHAEN,3
5066427935,closehalf,3
493967238,Alladin_boy,3
908718627,ogexe,3
7738436930,felll,3
5240305885,aok4el,3
7576293412,daxibtc,3
767146691,Sano9407,3
6738294205,MrSleyXD,3
747638807,dwafm,3
481178340,vvqqee21,3
6422781919,FusyaGoy,3
338362770,overslept_everything,3
1730067900,clsow,3
7971926405,Leo_soo,3
574789664,Chy4elo,3
38473295,ilyaaltukhov,3
1062561626,terop11,3
8037582343,ymruvosne,3
1393806866,vovanft,3
1787030555,TIM11RUS,3
988336116,danbkaaaa,3
844359245,Melnik026,3
141363516,TonWeb3Support,3
897068070,werkus07,3
897337335,nuHrBu,3
5266928989,oaollll,3
5630659210,crazytime50x,3
8409799491,Professors_Crypto,3
6995884475,byblik_m5,3
6616337987,bowl_of_rice,3
198379735,IRANIANTONY,3
470569102,bttgboy,3
7919167137,youcoId,3
1327221490,clueverse,3
5726987708,Sancho047,3
353136369,MentorB5,3
630104834,kyokaia,3
214710113,Denismetis,3
1370892612,lonelytwinky,3
260426478,gasangaraev,3
7871807142,veronichkapu,3
1986023272,nohustle_ever,3
5552044195,S_A_h_86,3
71656078,Amn110,3
5908709234,Autumus3,3
1327968419,tr1grd,3
7315360822,shshjakskzkskv,3
5680700766,August10219,3
7455890634,thebest_s,3
1216910774,Antyhyp_e,3
5042531716,santryan,3
386923557,pxskam,3
5598726788,blackonhood,3
445053167,Romanticc666,3
546163255,arba4,3
7333068660,Vvvoo2024,3
7385553679,Bolladollll,3
1205570359,wvvwv01,3
5283506386,mostafa_mo69,3
8854395,Dubai_SmartCity,3
1093318927,polindosamigo,3
7345816507,Mohammad2006k,3
6752732918,bank6000,3
5311847151,samihzk,3
7788388643,NagretiGoy,3
5802562212,fpsx51,3
1273988715,quietpullup,3
7217195028,mospb23,3
682374898,K03IM,3
7590118943,Catfish7070,3
5094472099,TimeOVERRR,3
5651027122,Abdullavee,3
8016488461,refuzerr,3
1213254710,dalv_mm,3
5674389290,valrom1y,3
1138196145,kkkkkkkkkkkkkkhi,3
784475832,CashTon_Not,3
1970050335,duplo,3
6774552238,Ledokain88,3
487444486,Johnny_Montana,3
730526147,KaraKyl9,3
466686315,your_shepherd,3
7260273565,vladosina077,3
1641625958,xox448,3
1645810354,Proxebiy,3
373987015,arcbld,3
5296827001,uk_souz,3
5274203691,NE_PATRI0T,3
339086613,KiiNGBND,3
6627722773,absolutelysheva,3
7233942175,itsBLEZ,3
6598643598,sshakn,3
110263936,Masoud1Masoud,3
6704501116,MirMammad,3
5150162456,Dalayan_FAN,3
6162494705,terrible1989,3
5573933608,messier101,3
167226810,HamidHHHHHHHHH,3
6592008731,reixv,3
7252395404,Owner_is_god,3
1551163709,vad1m_ks,3
6878559270,Biop2p,3
1977901469,Sonzi_1,3
2136397350,battlechief,3
6487642063,simonavitch,3
5299292302,Duwmd,3
1360177022,L1mfy,3
6025578570,Mo3iNjM,3
5913560402,Emirr3za,3
5751125137,ifedeev,3
7494780620,Kellor_kelling,3
1874257558,DozzPeredozz,3
7531570220,Gondoonn,3
7048912890,Fatashek,3
1942355581,MaxDevDes,3
699403378,Shturman_85,3
1799011307,Zosoyz,3
1201421308,Timofey_Serov,3
7806667134,tjopa,3
591426263,kydiaboss,3
1290201309,prostoandreysuiarko,3
5957973384,SuperShizik,3
5952494587,A000AA47,3
628838626,tbspm,3
1011967496,nahoypizdecblyat,3
5030996934,qprieu,3
2010517600,zaeryxx,3
905616228,plqay,3
6174517757,LChavemercy,3
8177247535,allahwife,3
5061654776,Hassan_r_j2,3
5917677622,kjacobr,3
6593230996,parsa_TG,3
5156368165,aye177777,3
7427748966,,3
853339514,fivaw,3
6369304869,BenicioDelToro11,3
2092196063,lolztem89,3
695947931,qweqweqwo,3
7523693734,eyesWwz,3
999338932,sjxhbs,3
1367204893,alyaiyav,3
1209309240,gffffdhe,3
5623463979,crheuri,3
428755615,Dream_Catcher2020,3
7966715658,Gift6hunter,3
915154849,ckirunid,3
8078499045,werewoIves,3
7674600420,isell888,3
8074592807,user26706,3
1589145248,warlordick,3
6660097638,Over0_0Ton,3
1424962190,Matbebal340,3
6894288335,kowirti,3
1800792549,Isca96,3
5676809777,p_sumenkov,3
1111327979,plulik,3
6321259457,moksinchik,3
5949804052,siatike,3
1001076981,La_KiLLA,3
6410708781,nznm0,3
1686669430,jtbaza_dopomoga,3
456611567,giftsgramm,3
5490949152,Yusupov_mx,3
6810593169,SellMeG1ft,3
622226440,king_of_everything1,3
1498332164,,3
84410561,Herbatapriv,3
5309745449,jaiaiwins,3
7611852475,MMSEND,3
5946400573,tm5_55,3
5134939524,katana_alkogolika,3
5209417550,Littli_Jek,3
7718096332,wolders,3
1137469704,mertsalov1,3
6321094178,Ivan_Sergeevich0,3
5255678880,yapdi,3
1219913527,APECTOBAH_B_MOCKBACITY,3
5265074325,Rinkka12,3
813910282,Fugliii,3
5316441637,allishkka_22,3
6839996627,TheRealL_l,3
7859547080,ss_malsi,3
212280578,vsxt1,3
5310041491,davlikk,3
5430058522,Danil30164,3
6036658390,Azimi714,3
2113235885,ovommb,3
70701368,Mmesgar71,3
6709264243,qwefa44,3
1385174229,Bel1cos,3
721918936,qwerytyp,3
7313048706,scorpi2on,3
6490404928,NO8021,3
6180187305,Exluz1vchik,3
2122229848,pirooz,3
428675771,Robotoriginal,3
6312340108,teech_velen,3
409563286,Alisaadati26617,3
7820544061,qworyo,3
6874414305,servic_shop,3
762289019,bezdar_cash,3
1631112213,elexiq,3
5905587868,Senchik555,3
6383437148,Bigzzzyy,3
375919009,Docent1k,3
1067502180,Serega_saint,2
1648001948,neizvetstniyy,2
738047699,Raibon4k,2
5494870084,ChebzikOn,2
1960878751,Qltteis,2
6191194511,goobmeister1,2
606731307,s_sIava,2
810207542,romajosh,2
5390402374,muraev_1,2
1698011651,zorororenovich,2
5324202656,Ismarkis02,2
583529471,prostoalexander93,2
7482907112,origami_boy,2
7018416303,i007lv,2
6950022808,Hajven,2
7120774164,yurecaye,2
1333494648,wsesuka,2
110316864,Wtokip,2
2093089337,venuskhkshn,2
1528740604,frentol,2
5217629170,RoxCookie,2
8025455274,skarias,2
712771825,Djara009,2
67465863,karimov_jv,2
1734223693,Dean_mh,2
905234030,zxc_spectre812,2
6481844684,Criptonnft,2
1712840484,,2
1193950186,naibylina_centrobank,2
108237110,MAHDIJR8,2
6381433779,biyaban,2
1756107232,Nagi_new,2
2021328307,awxaz4,2
453080334,by1pikk1,2
6666608885,m909yp,2
7834153895,H255856,2
846156033,danyume,2
540701362,alireza_82b,2
1101677999,ImPaulDuRove,2
7941797072,tripochekeztfgyv,2
5344800062,su4ku,2
832218211,qwert12345ewq,2
947854420,tagmeno,2
1631473971,paralyzeeeed,2
6997569694,zalydil,2
5871398923,Zocx13,2
305871798,Makssynkov,2
1223388316,conorshaaw,2
888221331,serg1o_90,2
1483242187,darganli,2
7455281382,Jackson6889,2
8075439978,wxkxi,2
1385207671,wersaqqw,2
1494276978,Watermelonfucker,2
7072435842,TheblackMessiah,2
979646423,aaaa33505,2
5182752536,Tomor1_Nao,2
6560263233,Lego_Man2,2
8067393710,t_a_h_a_0_5_1,2
1443549816,TEMHOTABOMHE,2
1400475829,by_andro,2
8156829355,OxyOnMoon,2
7093057147,Amiir_a1,2
6831671258,Mehrdad415,2
1081453266,Sokollenokk,2
7300123784,l8l8I8I8l,2
986033653,dzheb7,2
7169951907,adilbek_ejje,2
280171828,IImNegan,2
586579456,justfsociety,2
75708552,noble_activity,2
763300408,krizzisov,2
7785380680,krakenpubg_0,2
5176893525,TigrFlon,2
1504915324,cryptomeww,2
849288486,Math_Pathway,2
7869284678,gajakaf,2
98646400,,2
980681849,lilyx_xa,2
7178308878,HigginsJarad,2
1174100352,doctypehtml,2
5438051681,Zhabka_shop,2
96637871,Eliya009,2
1048377092,Mojtabaw_gh,2
7863744143,GFMaxwell,2
6694498726,PVdarkness,2
1330500196,v2casino,2
1980461496,legend_GNOM,2
7551403409,iM_QO,2
1100219873,KASCHEIIMMORTALI,2
1983110998,mixa921,2
5791236039,Esi_017,2
1422495542,XMatrix2023,2
551963406,oleguaa,2
123518718,NinoSu,2
2036822256,Life_in_sleep,2
988339958,Screamm100,2
7391747046,geck_hs,2
6077643529,Noizedimonmc,2
764098494,PrriaM,2
1853340660,neo_dag,2
1304238806,FreynNFT,2
768405893,doe6aJlo,2
7371618298,bigblack214,2
876032780,zkkww,2
5247282424,kak_pohuy,2
8282160273,Just_amirv,2
6337477605,Kwiinf,2
1119710316,MihonSever,2
7215872011,Underbog0,2
5288348218,Dildo_111,2
393552805,AmSxM,2
928599849,asssaagg,2
6201721885,Toryan017,2
2011144640,Gytikpopik,2
6233432345,Ismaqw,2
1287703341,,2
5903846038,wtfosinthunter,2
1824167039,klip_201,2
5157833109,sjknen,2
655001641,WexMiddleman,2
5145167627,Are_You_Retard,2
1029277053,sonkazae4kaa,2
6922371408,Iamswinks,2
7054781126,onZenith1,2
5310679089,qqqqrrrrrrrrr,2
7580609642,phantom_xyz,2
6529459653,Apples_Q,2
5012775684,vanyagoblin12,2
5003497873,Blazy0,2
7623033236,Amirmohamad_20644,2
5239516341,sp0ku,2
625896736,Karasaka,2
6236047393,YAK3DZA,2
7896819986,Hydroclase,2
859016945,smdibon,2
1095622068,sosollove,2
6594029486,billigin_0,2
973676822,Le_paix526,2
7248234993,Ya_ya_yamb,2
5808648432,rolik122,2
1625778403,Iva0707,2
1084965581,qwerdiym,2
1443373044,joaia,2
6925188291,GiftGuarantB0t,2
5130004989,aasel,2
5856740030,Inheart2,2
7571550942,vziou,2
2071670243,Plesenko,2
7785632562,Sellas171,2
7146095720,Amir_14131,2
5517188725,zh1kkk,2
540550077,jjbache,2
793408522,bebebjn,2
7925041527,Flintmalv,2
7948078079,youngveet,2
1434112050,Mu_SkaT,2
1000865115,fal3npetal,2
7366271800,neodogs,2
334593259,b4kro,2
1032453701,N0t_youu,2
6611853665,norozinii,2
6125383016,A_ngeel_228,2
453875587,N1n0MVP,2
1892137469,dra1nx,2
1049460592,capmer225,2
1693998704,Im_ageek,2
6201583629,ShahMri,2
438633055,Pala4_pubg,2
7761312887,autoskypnenty,2
2118290509,youknow910,2
1268229031,Airat_official,2
7749549360,w3nixt,2
1862651140,VDreake,2
6128414702,biqso,2
7588300935,tioms,2
6143081948,ender088,2
7161983408,lexa6023,2
6268054327,Zuck_err,2
6424199512,imjustsobhan,2
6511640302,RebornKirilI,2
5082614147,khramshin88,2
454270842,shtormzes,2
6418188884,welkom777,2
5746710473,Fiveoni,2
7721335945,Sdfeerth,2
1008231816,kweezyKM,2
5508875153,w0wiixx,2
847512059,oppnt86,2
5676485852,Teerynae,2
1399701328,sigleisiglei,2
7245719522,Mirotvorec_Official,2
5852163245,haiew,2
5537921101,Uzb_Tele,2
8409871451,Vrotvamnogi20,2
6124730084,woeexi,2
7783196594,Pw_Reza,2
7917784254,tairizxali,2
1099727578,oldserver,2
7037420577,bodjaevv,2
1757351037,eloyF,2
5573127723,n1trblessed,2
1127524173,klyze51,2
808138207,byntrripp,2
6941802862,SAMIR_EGA,2
6414915882,niks_rus,2
1317874504,MarzzI1,2
6286888365,Kapicat007,2
6861025192,Sigma8,2
1193090515,heife,2
1656964722,Soyzqqq,2
6533363144,nana40cm,2
1913929902,g3ode,2
8039280919,PV0202,2
1309988700,real7track,2
6080381948,durovxox,2
273255625,donchuk,2
564386662,Alireza13790086,2
1675032169,krytoi_1111,2
94963452,ShiiraaZy,2
6557381928,realogpv,2
1014516805,losenqo,2
7293741562,Miton_Proshnik,2
6377071656,kossokkz,2
6013340282,vadimkamii,2
1015017471,Cinashon,2
6589369295,l0ve_m00ney,2
7219535986,klchwaaa,2
1255831111,Amiruguv,2
572073566,monkey1337,2
1526686510,leeeebrat18,2
7651605660,ID_Diaco_YT,2
5921671044,emiralisv,2
5637896441,criptobisnessmen,2
5028962272,PARRY_222,2
6093457753,Boriska_Ir1ska,2
5640325235,steamcounterstrike,2
1040989399,saycon1k,2
611358316,sgr407,2
5703655002,ICantdecide,1
6178388701,giftre1,1
662077134,smm_ognev,1
5814821829,reza_igderi,1
5448999614,vladyslavloh,1
1837861754,desebro,1
7626826400,Whoulo1,1
5392456829,swaggerout,1
5371336952,TrashS11,1
578532384,AmirShabanpoor,1
5677189269,ninoshkk,1
458196294,tg_ttttiee,1
6211769207,amir_ny07,1
798168994,G222ksb,1
563791238,l3ksss,1
675394154,zhepenek,1
5501753719,sjajakakkk,1
5220461271,mrlokker7,1
1495286487,bellgazprom,1
1192678547,,1
927120482,na_vbive,1
1804091365,AbsolutelyMZR,1
5919451697,PixelDurov,1
1423512848,koritual92,1
6682702877,nefretli,1
1007109486,yanelmya,1
961268679,Alike6666,1
1236548921,ch0pj,1
7681989901,alivebr0,1
1427777935,kindyuk_013,1
666568714,vacolk,1
991330701,amsaru80,1
5096708210,frolkgg,1
713096626,ppunkrock,1
1761791625,godl1ke07,1
1056872040,nofearmachine,1
661421123,,1
8246635113,Kenzo_anv,1
5073643626,Dani_teg,1
1350199777,,1
1634633837,moeiinahmadi,1
857271125,xzcheblin,1
1042532283,rejectweb,1
7860441696,dhj112,1
582335473,e_haniieh,1
581036480,Caesar_Marcus_Aurelius,1
876484,rabitko,1
789891881,aruki9,1
732261610,Pampers002,1
6176206595,otuka,1
857078334,Shevchenko_Teti,1
5777375038,Sticker_Awww,1
5366500428,EneigiProgi,1
6850988186,mapumb,1
1170734161,lacasaq,1
5838929679,annashaxrai,1
1565301501,Deniko379,1
1659218644,TELEX_wow,1
874536426,ownerdos,1
291246888,UDSCRM,1
1771369046,Haronw,1
1904570146,Bimbizyana,1
2099893755,Malupukis7_7,1
6431512659,ynynyv,1
1394749494,ApxaHgeL911,1
6451857350,cartoonist1,1
1600523019,Mhdi_abdllhi,1
732374647,REZAVATANKHAH21,1
881009804,Sisiferferi,1
1815173067,Restac,1
6956212531,RU856,1
8127990972,MemGiftHolder,1
1083904830,Valera_Biznesman,1
5503578358,btc_hedgehog,1
6290680826,VaI_Aura,1
508734288,Amirreza_torabi,1
5972020915,Kkeeeee,1
1009775845,bammperr,1
6125476830,Hasan1998z2,1
5125578680,boltik_d,1
983379425,barelly_ton,1
5202741989,huhuhuhry,1
7441584918,KA5RAi,1
2108349530,vadim_ltx,1
1125533068,EA0810,1
6131472468,GroveX1,1
6041137448,sxxty9,1
6551667821,cadetNFT,1
1180486029,PigeonTrump,1
7611536486,arturpidor777,1
487693720,walloufe,1
914958448,nebrosk0,1
7491733610,re1zii,1
1141516771,StickyGreenGrass,1
1594356068,intheair_frs,1
7067737529,Mafia_vxshop,1
7896140880,ksrcp,1
1843799339,Artem_Spektr,1
5955797897,georgo12312,1
7121495085,oks1iii,1
743042731,xoka_tg,1
7415314436,oxepa,1
167633327,Meysampw,1
154624505,evildeeds08,1
444119857,pix_anos,1
1545621011,mat1y2,1
239969622,P_erebor,1
2073829822,,1
2129379592,Azamat_Sh,1
6502617034,ElvisPunmira,1
5338886584,SOSEZ,1
2131135940,greystel,1
1632163661,ven4k,1
175407381,am_ira9374,1
1090724101,moneyweak,1
5698382675,Bm_Ai_Jd,1
5673769782,mlx808,1
1252978096,FORLUPIK,1
1637884499,Ko4a_now,1
829335820,ussiissxxx,1
6343403458,Xalqali,1
1284139101,Rhinohartz,1
8069539656,melv1x11,1
6158624010,userzalgo,1
6250028891,ParsaRajabi,1
7957614974,bolladolll,1
614194193,Zee1on,1
2040579633,easym0neysniper13,1
6867975257,Mhdi553,1
7390697419,amirall_al,1
5185850822,Blizar161,1
1036475621,whydealers,1
7951600907,Mahziar_Org,1
6370371933,Ya_Masha_0220,1
5198962760,BSRTIN,1
5207569008,kradinove,1
473551635,LettaKuc,1
5472426804,A_Fatyan,1
1473215253,nlurz,1
7346787546,Demonlord021,1
1794970486,I_ali_1,1
1085448046,Langick,1
1798356310,valezhnova,1
6903338829,pogomil,1
6982996640,KPACOTKA_C_CAPATOBA,1
1181273052,Fgh396,1
1059810025,LordSaurons,1
5499335584,zero_division_error,1
7703424521,I_Hedron,1
125277713,executionmaster,1
8109751195,,1
7277413338,koroshkabir09,1
618753226,lzsmrnvv,1
6166474152,komozerg,1
376954689,wliddevil,1
6367218006,It_MamaDo,1
6795173947,DARKNET_B_STRAXE,1
8141859686,puul1,1
1166577611,zeusrd,1
1070599192,Freji_Iron,1
855658247,moneytypeshit,1
840283505,Arokast,1
235621720,MaKSyutkin,1
1296696932,Neket59,1
386942238,dimaseycompanyup,1
344525163,A6h0z,1
149161750,samaram12,1
1949878512,soltaxanov,1
5327620924,liskeknow,1
1874417556,morcilius,1
6673510133,Eweliw,1
5485985861,Salonoob,1
5017293135,kyskyskysfckuuu,1
2019968055,sal1ne,1
473980071,alisalar_sr,1
1826877406,equuare,1
123705500,thexlool,1
1053571948,Akimfoo,1
6091927514,Bnb20246,1
6386853900,makuzden,1
1670301283,kuaqqe,1
1233681135,ot_a_do_yaaaa,1
955398205,lazertuff,1
7265852103,fusiler,1
5347610238,rorry20s,1
5595214047,IlllIIIllIIll,1
8189609476,blackhoward,1
749182604,FuckingSh3lby,1
5229507415,Ariaiw,1
6826284362,baatomm,1
649043377,maybsxqq,1
6259705165,Andrew0626,1
1480139635,nkkuzzz,1
6640169945,Fegity,1
982997755,Figrt,1
346539999,brkenbxy,1
720206665,nevermx,1
1242941642,MolodoyKaluga70,1
1396597263,dv1mm,1
5503593012,GNEES,1
1412813668,nedanky,1
7442344812,Partner_1,1
5184664105,Barbossa_number_one,1
767883917,zenceh,1
111419846,Lumia0803,1
1205790021,squqk,1
5751979134,tatar_ebal_polininy_mamy,1
1761658681,H0mid,1
7287655290,apileon,1
1175885035,psychosclown,1
8011173141,esiminka,1
850759968,sluggov,1
6902821340,knucked,1
6262561490,ii_foad,1
1965005066,uahuha,1
5050040224,Vivaippolit,1
8002009207,Meyox,1
105245946,jj2011,1
1092764139,liebetrust,1
5943456378,player88888888,1
7040918031,cat_devil_r,1
775544995,bx795,1
933702438,Mdhdr,1
6163172303,y385ag,1
133778455,Yaraliorak,1
1021320085,kostan666,1
5826965660,Labyrinth_of_Lost_Blades,1
6078387800,svetanchelo,1
5448240588,Kyanqs123,1
2076892200,rationart,1
803810801,proger_russia,1
6728484743,Amirhsin123,1
5644130439,Huwenter,1
6825584772,,1
954920353,slavaburlachuk,1
6851604565,weanitvn,1
7102174511,Pavelodzhi,1
5521184453,stepin_mike,1
5770461504,wteyus,1
6899123659,maluk_k,1
1133439616,maksonchik_chil,1
1787292717,Wolocol,1
1026340164,victor_zigamet,1
7355927834,TheMrTommyShelby,1
8446282154,,1
5279695776,iknwq,1
71161706,AliA1ali,1
1121857586,Mixaillor,1
1115141687,tetiaaannna,1
874795638,SROOSH_T,1
748570470,Miiijar,1
5615019712,glopglopglab,1
7557253291,money_leadd,1
8181882503,eltinn123,1
7339355534,TimaQM,1
284747365,Mgkh61,1
8476419751,blant812,1
7391870586,fro4k,1
1644291294,WOBOC,1
7042716567,Sky5alid,1
5457854321,NFT_collectionner,1
470757720,AgooAli,1
1041355608,Nikolay6446,1
8179124522,,1
924231751,kodokysi,1
7026344079,zionistz,1
7169037719,Pabloxn,1
5249634834,tr38291,1
6269591358,A_HJ8,1
1879586841,GOATVOLF,1
898402283,rus1O2,1
8130494831,Ceexb,1
7827272741,USA969,1
1191215810,Tailor_D,1
5461282551,Tema911228,1
828327967,Ma7m0ud_Mohamed,1
5196316008,Kraken_50,1
2048427202,guzlikguzlikguzlik,1
5151719160,g1klo3r,1
334244718,CEK_PET,1
2106048085,ET0HEYA228,1
1083022107,sw1zZzyxgod,1
824599780,already_young,1
7830392084,olowowlo,1
5877778245,sem4ik339,1
7537413151,krnxkk,1
7094170284,wizxiw,1
381748612,AlexTuretskiy,1
6792371216,Wixtromya,1
6272063459,menfhol,1
7297365122,lil_plugggg,1
650214839,IdealDemi,1
7629322122,pvnikolai,1
7250859678,lessowellrar,1
8128320044,daasko,1
5874966410,freakmefi,1
615155644,Akyyma,1
6432271224,naral,1
7829093129,Celicone,1
6486561269,,1
1141972076,Santabarbaraaaaaaa,1
5532800292,fillokuni,1
7527137306,Nako_official,1
1123901307,elfen7lied,1
6254993433,Sss_tynka,1
1447866390,vsemh1,1
990703946,dreamer_blvck,1
7027617224,i9_12900k,1
607397319,shittalking00,1
1883987223,mandarin4iknew,1
745878284,Kirilluch,1
6608936061,HajKambiz,1
560088108,diwyr,1
1135827502,Mikaeil_torkanlo,1
6648126262,prvt_mkh,1
6672458139,bagherofficial,1
7783132627,kdlslsslssk,1
1700765710,Am_mp_15,1
1357337693,MichaelA5,1
5030499485,Pppendall,1
6435554203,all_1cats_8are_7beautiful,1
1485161568,Danilqq0,1
1720011323,TANZANIAII,1
5745757702,melqzz,1
8289376870,rerik123456,1
1926516125,lovekayos,1
1182021543,AtIant1,1
426444230,kkk_1654,1
7591456044,mardaster,1
980855021,fungalspores,1
7611789642,bezkategorij,1
786577713,TwentyWW,1
1348151020,valuean,1
6586787151,LOIDICK,1
7072350041,trusex,1
736693253,poherist,1
6646998962,monoseller,1
8241909336,pus1Des,1
2054108323,chuitsvdetk66,1
8038909654,callmegottta,1
1091948855,mihpart,1
6605428329,hajpayman,1
6693412779,Ruslan_MSCH,1
1032154619,kwinu,1
1739258554,Lexa_2_2_8,1
8017673061,Ali823,1
7766399455,v1xser,1
837974596,siddhiact,1
433236136,nikita_tsg,1
6500528151,Havall10,1
5192135896,Grut_23,1
6336753846,S_o_d_d_a,1
6829066106,Markys69,1
1582502522,deadlinc,1
7670490352,Why_aqwwl,1
1072277613,h1zaron,1
97441844,ParsaOfRivia,1
681945849,sarikwrk,1
6106324512,robertino_21,1
5112546937,xxiv21,1
7262295323,l7mirzoew,1
187328295,fathergift,1
730815320,kymuto,1
2116652898,heavensblue7,1
6509206227,NoKn1l14,1
5558339190,mmdm_Are,1
1815048559,UIeWggabg,1
1368867963,Marysua20,1
516378604,tihon_87,1
1233714472,MuteAllChat42,1
1268416330,yageimester,1
6373475293,mystudiolife,1
7142710100,Joi2isna,1
7212769289,milayilaska,1
7975164094,oaxef,1
762757915,S0rano,1
295661166,maksman73,1
5587906914,GodlyCookie,1
1608413314,pg_baptist,1
5412295323,Melomiii,1
6748559984,Work7678,1
336747137,hofrj,1
286307082,mrmahdializade,1
7859599945,ZZZZZ_777777777_ZZZZZ_777777777,1
7948725111,kirushkaas,1
6218294391,jwios55,1
7711602862,Pog_mo_thoin_a_striapach,1
5799387428,eyrip,1
5171350086,cnecy_tebe_bydky,1
1054038235,znabjsmzmSmkzkAk,1
750016141,vmppG,1
7613011038,GifterHub,1
1789539823,schaslivy15,1
1226976029,amllvmrzarn,1
7535430016,howly_garant,1
7077485003,,1
245694775,qwhqwhqwhqwh,1
7677202427,skull6ix,1
6106368341,wv717vw,1
229931281,Tonout,1
887281028,vvaadya,1
6003770871,shxnes,1
5739941033,Mina09011991,1
5044884310,gruzinf10,1
2091488567,Sharane0,1
8151666004,qonahaIla,1
6270690263,frozenFz,1
5279288629,Amirhosseinabri,1
682482434,Nikollaevicch,1
844780849,vaniiiaaak,1
505024628,,1
6053704389,userfolz,1
860900987,vingy_r,1
583795750,thisaintnoliving,1
6348061121,YbYqY,1
1641324583,paranoiarr,1
5819480190,my_lil_bro,1
5477184710,MoscowXL,1
5573690094,T0N_H0LDER,1
7156440964,arthasmaniak,1
7634093913,ksquikz,1
1673550010,kuzhorger,1
664608663,morshikk,1
514201453,nametagg,1
2125595051,AngelStarsNFT,1
6205402002,utrupp,1
1272500868,Alireza011NS,1
7654117961,caxapok,1
8059993785,Cater457,1
1042763933,Valentin9K,1
1565942921,TechZadd,1
745772224,noliyanp,1
1426276115,Estanses,1
1486330391,Strange15yo,1
1430866321,mmssofka,1
6708952595,Aminasaraitsaf,1
7864017425,russia_rod,1
5349158585,s4ys4ys4ys4y,1
2043361765,vladqg,1
331253961,wekek,1
5211606458,Gtivz,1
1448711151,waonx,1
1942356162,Olkaboomee,1
5220954435,GolosDrakona,1
1737291230,nire8051,1
5929394118,slynyavka,1
1963495932,alcgeyming,1
6213513323,dametam_garmm,1
5271719365,Vlados_Gantela,1
6267056138,DurovGoii,1
1811311117,fankutta,1
7884341914,SitisCruor,1
6594311025,am197in_s,1
7705537886,ndrsml,1
5156638234,Sonnersta,1
1051136457,vewu1,1
7631146070,Qurovot,1
5255152151,qw1zzzil,1
6839794980,stillisok,1
1871037804,tuborosho_real,1
5427990924,Sharifi_jn,1
482093542,baleevskikh,1
7039416310,Whale_ilo,1
820485931,fxckskywalker,1
5744453694,Lolimazoli,1
6853575130,Zxcqp1,1
855228463,FlipForge,1
1953185972,gorrrW,1
7033387996,AmirQeshlaQi,1
1804140946,vlasov156,1
6840180691,M_aata,1
312929504,alkrei,1
2143027187,kio52,1
704542647,igorsokolovk,1
6667223551,Y20av,1
349275290,ulises0154,1
756656853,tonybayonetta,1
1124467210,,1
6154936600,kosp6528,1
639361041,Snow_Leopard22,1
5784221792,lyricaog,1
7940323790,Senyajan48,1
5285327407,El258,1
7506281239,KirillPohui,1
6236447037,Daalar1,1
1948634665,deferzq,1
1088784689,chiefqif,1
985851764,dselliam,1
7171852252,pvposlnt,1
6684695484,Uzbeboi,1
5285526724,Dimmmmaaaal,1
1081084552,m1fteex,1
7149103283,Vanya_RedTokyo,1
1777108765,Sn1ked,1
85919245,borat,1
837584546,Bibalori,1
1496454865,jcb_ryz,1
1416414095,n14evo,1
6878401681,ppuresoul,1
1945097549,filtersigaret,1
7380117958,S0nyaa2008,1
638886338,fulloffhatred,1
6249883356,VaNeK21514,1
7829031169,phillpe_Coutinho,1
1374993208,,1
7843626846,,1
7859450753,StarGramAdmin,1
6260274621,iMmd_Eduard,1
5800940022,hiraethed,1
5941256439,hiropik,1
7384846197,yanksef,1
6294541973,Er_odinok,1
5688984585,Andrunishe,1
852047759,trywhats,1
1155252611,Yuraverden,1
2059402861,,1
6582774105,belov_officially,1
7029188926,sergeevon790,1
1696366802,Cerhold,1
8167545418,Legenda_rt,1
895135870,majorceks,1
6542465362,revenni,1
1372419250,deboshirx,1
1878892184,TreWork,1
5917125466,Vomites,1
1422678401,onfelov,1
727622748,slashzeks,1
6681594649,cleverboy0909,1
2076055949,SQUAD5252,1
5509982295,viktorpezhenkov,1
6329238402,luvsrepsz,1
899231004,yourgerman,1
7178202912,SiIented,1
6579907369,Xz_Storm_Zx,1
1351962075,arastun01,1
1554554158,DanilSay1,1
1257817112,ivanovna111vvv,1
5932458972,Sensaciia,1
7923871233,Vsiqh,1
6358045957,B1man4ek,1
649522149,Yaypan_9979,1
750011804,ShaggyJoe,1
8154184638,netwooorkkk,1
5912850539,Aliboy1618,1
5518161963,gu4laopium,1
6343859582,,1
284306619,bewareoffrogs,1
1758195509,V3RVU,1
1165600719,PvParsa1,1
5625507896,giftyarau,1
5791704974,Sulivabon,1
6549220768,morfin,1
7488970935,mralk1,1
7343371443,xelnixd,1
7195580668,BOTWrmq,1
1311617662,alitk,1
261287057,ogtma,1
5143246815,nniikkiittka192,1
6106085948,sybau_000,1
1602234082,AhmedA125p,1
868160979,altosc,1
785074957,vna2re4ort,1
770225563,shudzco,1
5524222516,drugdillervdele,1
1435142219,laurasobbir,1
7248893900,ladowl,1
1888309892,t1meight,1
7881131282,UltaSam,1
1493031022,sfeemm,1
6343081920,Primebell22,1
5179810678,selem,1
1122612602,zhjccjvuvu,1
1882301411,arnykopar202,1
6162519366,Probablything,1
483284333,gogiaa,1
7548042488,Zyopka_15,1
8175365166,Maksmake_07,1
5161122647,slivtiv,1
746118584,Preconnect,1
7335151980,,1
8391127913,kksssnz,1
7497169518,zzzqab,1
6039305464,kayxd3,1
7881630037,Vvvvvvvvvvvvvvvv78,1
1949102145,good27122,1
6430358233,astroquantix,1
1374471333,svarovscy,1
7803087418,m4kilx,1
6139449325,,1
7609488642,miku_zzz,1
1389955256,,1
6366994127,Kupika1,1
128900795,Huoseii,1
5960773847,sasabol,1
614266457,Mar6550,1
1347974929,mehxvy,1
757166268,frieddyf,1
1412322525,Psk_3,1
787948142,Tw1rel,1
2029883982,Markovka2018,1
7781923981,ounca,1
1493183092,daveanyx,1
7029095275,monkeycost,1
466548489,Sokol179,1
7559939579,dewcup,1
660749508,salakhiddin,1
6644911092,shenGorauz,1
1439332953,Abarth_500,1
1701315430,Kleyyy37,1
767477171,frezzz96,1
7023742150,Trader_Crypto_currency,1
5015104605,twokfc,1
960766487,,1
1467354945,ThisisZomi,1
7894817280,MrMehregan,1
1049472181,Sadukov_rus24,1
306652837,nocblaa,1
5169853755,ismail100100,1
1125917579,dangerkakawke,1
774146644,borzhot,1
5223635340,Subsonic1,1
7189592745,mBXGUjU,1
1321940992,FIDYKV,1
7200704072,Porofo3or,1
479107885,MaZuR_B,1
951182131,chikngg,1
187685636,ebipax,1
5021750322,Robertineo_01,1
913365980,Vadimclifford,1
6114958522,hosseini244,1
1236143933,,1
