telegram_id,username,tickets_count
7545188574,MainProjectX,1262730
7520288474,Frend_gift,348160
7304204238,Iabbyby,245280
1064498581,brokennoise,241740
504276778,Aleks_web3,226990
670809787,lapartizan10,208440
90284456,MGRosn,196140
304098685,Gashad0kuro,185180
7707730631,avalc,152160
2124742588,robocot3000,151810
5487407940,daylight1337,137470
975180783,rrrrrkkkskksk,133510
1839437211,id1808228,129290
5398900152,sprutel_pr,128400
7530825517,aka_yesssir,124560
6610062442,mrxxiii,116090
6574743468,Ladovol,104940
6978762073,Enternity_Officiall,104670
1558622241,BoxerSp,102450
6602563579,FeeaWinks,99450
1883605050,lykooos,93310
860685642,sanyyaass,92880
1224972003,Awensis7777,91470
6092639892,Sergio_MarquinaTG,90910
7288052518,vanniel,89520
7642557836,depchik_dodep,89420
843831397,opl69,88680
6526642074,idsato,86970
6493560631,iD_MR_MOZ,82260
7765051394,andersoll_zolotovsky,81960
7928812330,memodead,72830
397559262,kyokks,72480
8271552143,dododhd,71560
1012435345,qdeg77,71340
7246213032,paul_dswen,70470
6373884968,Orangeeeeeee3,67380
971037052,margielakid,63230
7907463472,trust_wallet_supporr,60270
965251210,techiqqe,60000
1333944445,davizacon,58350
595848111,UWONNA,56310
7682819804,workzlodey,55830
754313447,https_msnthrp,55110
506761763,ke_Ppa,54880
7472017595,gazz_workaet1,53900
305094295,ladesov,52830
1006576642,meshokotami,52090
7146143844,rygme,51960
6109970375,artemabuzoff,51870
189133,SashmazY,51520
7728140079,elprimo,50290
5718448120,WWturn,49550
563791238,l3ksss,46230
6865197106,hoodhq,45520
5528322315,amr_16a,42210
8139899210,msnsmakakams,41310
7725782963,dog_gilf,40800
7421657578,CeoPepa,40530
1777841315,ReaIZero,40320
588983098,popupoxc,39860
409854249,GGTONADMIN,39580
5031071248,Binni,38950
5829737898,POGYT,38780
7116338492,memskwqq,37160
6779059746,aIfredos,37030
1860243632,Treyzitggg,36240
8172286856,dimamichalkov,36150
6153881664,lildrughill,36000
1058451426,bestonex,35900
8084992775,voxrationis,35140
6279020562,S1rex_01,34960
456510027,kamdegarson,34890
6611573137,radifbi,34260
857476985,vanbay,33500
6981193019,AmIIR_NT,33330
722579317,INTERmight,33280
665539825,denissooo,32450
7731630031,skywrathmage,31320
7356182654,t4mathy,30360
5344452689,nevmenozslk,30280
5577989651,PrvMmli,28930
669602114,fdasascdvxc,28150
6466144637,HamidCodm,27650
106825985,Lilnumb,27540
5105010242,westpf,27300
5966846871,getgems_crypta,27240
1816448042,xokav,26530
5572134241,Goodratowner,26190
7817595780,slyapak,25880
5835121411,pavel_tg456,25830
981515877,berkutmrw,25060
1498882914,gospod,24540
919972401,headshot,24510
1932145446,genius_mark,24120
266591879,purpoll,23980
1862796968,awqza,23000
7020812346,lalyou,22600
1930011083,Anisanich,22440
7763093913,Salimanor,22110
5259290827,nikto_q,21600
789006207,BOCKPECHETE,21180
7993656793,chjmnnvcx,21120
5195116051,wrx3xrw,21010
1205504115,azarov15,21000
7252457081,sa4iz1k,20840
7384641893,iam_fedor,20300
6438229207,lilyoungrichest,19630
7099488422,lemish92,19490
1067875912,sichonok3,18720
1172913436,why_glava,18710
5414532711,mahdi2634,18600
1953185972,gorrrW,18330
418650370,justv1,18330
5387658856,Dadruuz,18060
510862645,vipfragment,16950
7858123499,zavarkovarka,16860
7663520772,bearstg,16810
8054121370,deadlinexc,16740
2140967716,qwasvadim,16720
6128474210,verifynickname,16580
1582919876,agentguy,16410
910941849,miedv,16080
7538965112,,15840
905542637,fom_dj,15810
909606543,L_A_M_P_A5,15120
7051078802,Nikita_3434,14890
6240893016,prokopyan163,14490
5149790548,e1010,14160
318813094,Tg_Willy,14150
6061025009,nikita174736,13830
1002521266,Pryadko_Yaroslav,13650
7186937212,dinksik,13590
1942267108,mrazotaaaaaaaaaaaa,13530
123008320,Arlin2000,13350
458272666,sxvear,13170
7883499873,wekufy,13110
2095415223,tuobsos,12990
1981852166,fenebutt,12690
5108706918,Fr3akzz,12620
2067865900,nemat_okez01,12300
6242764410,bulingsI,12300
8092606975,KDprokh0roV1,12160
85896395,oleg001,12100
6058973093,Aristo_TAG,12030
7329008053,Dkdjsjxbbdsj,12000
924658524,Habatyn9,11580
5077264630,Emir_138496,11430
1694772444,povzov,11350
1220730974,Roko33,11220
6716364030,AAmuey,11220
7564288606,Vadizze,11180
1137154352,lerrrewsss,10980
6605428329,hajpayman,10750
917097061,sdertyxz,10680
6978736760,Abdulopahan,10620
951697289,Slacker_Ton,10610
7332824805,artartstall,10530
1075294333,sigmabooooychik,10500
5408353536,RealHighRoller,10440
1944425044,Qwizzy20001,10270
7328429006,alexgladkin,10220
7510932587,pavlos1k,9900
5895748550,Pohuyouz,9900
6348188274,rayanoxq,9790
709031492,qwitor,9750
6427585155,pasya69,9700
6499714069,vvvvvvvv363,9700
1497028797,s_leo777,9660
6785032444,Arseniy_na_hate,9630
402198909,kevinmakalister,9600
1294493496,TrubikRubik,9540
1045205119,BabyAksela,9330
1226376650,keceddy,9320
8129349680,LegitalBanderas,9210
5795800446,sashaa2201,9000
6039803982,papa_venya,8790
6859634996,SaidEvlo01,8760
7015978760,MR_ARSHAMM,8700
7642356679,twordnn,8700
8229093344,ne_monk,8590
6286841181,Mmdjvdsalehi,8580
6419798390,Danilka21_09,8570
1907371178,Vadimka2301,8570
496531454,rrr001m,8420
6866593057,Qwizik_net,8250
5840010681,wega077,8250
6190644528,P1BPS,8230
7620683168,Luek45,8220
774848687,kkuorf,8160
8318966,fakemurd,8160
959169,alfilkin,8130
898468514,EgorF_N,8130
6043371437,kafuda,8040
5803042923,lamlolital,8000
1359547153,sshuraev,7990
5861787608,psychosoftly,7590
1419298955,realElixir,7530
765239701,web3goy,7440
427298030,obr1gani,7440
6946806949,Spl1nteP,7280
6559080422,halfa_nett,7260
1516790731,sultanssea,7210
7895354760,lazzeroo,7200
2013766810,Farsng,7140
7021163368,ladnopidoras,7050
7653217520,gjngkk,7040
2115154029,yletaem1,7020
5309515374,st1tch,6960
7420263870,WwAziK,6950
7556464696,lhmanager2,6920
8199517414,satoshi_huyamoto888,6810
603773597,xaraks,6670
1645419206,nasvay_barmy,6600
5203967147,dmitt_pm,6600
5358891386,awaraged,6540
1693108151,fchernn,6330
6000289760,razbanperesild,6330
5288946574,kommdaTag,6300
2083233821,rohach1,6190
344290372,nickthesabre,6160
5977731053,elpuri13,6090
5261243524,Mazut3,6090
593165672,IlJI44,6070
1633264727,No_name_c3po,6000
7860408352,joinblacksourc,6000
8179983956,thesomid,5970
7259231823,k54k4,5880
1022510595,mescaIine,5820
2091488567,Sharane0,5800
387239336,pppiinn,5790
7812611927,keybo10,5670
7763562212,paranoiq117,5580
1051924611,wer_chik,5400
8016488461,firesosixuy,5400
610991849,ReGaRd_8,5370
7819557517,grev_goev,5160
7203053361,Lordezik,5160
6352478374,m777_blog,5140
5366523466,mdmc06,5130
5286181035,mister_nft,5070
7218005557,vipdevand,5040
342126358,robot102,4980
1505330959,NEO_rivs,4950
723895032,lexkeks,4920
2020091535,Kirieshka9_9,4900
626112502,anjei2,4860
2078416894,HamerTag,4790
1970050335,duplo,4760
469073132,Spezialzz,4740
883661229,titaite,4710
706909280,Ghost_Sword,4700
1473513564,idRudi,4680
514201453,nametagg,4680
968565869,Entereer,4600
1279945789,There_is_JDH,4590
1763386210,Horliteq,4570
6263127591,zaharglebo228,4560
7076134543,Makentosh_X,4500
5786619342,robert_rrrrr,4500
1052879158,eblan7354,4500
21731362,frog,4500
649384896,al1enofficial,4470
2074395901,Serabudabu,4440
7857185001,yegerrr,4300
1942356162,Olkaboomee,4260
6482811775,pporyagedagoshne,4260
1666880333,crashsys7em,4260
776996165,serdce_i,4230
1340415522,vladislav_03dp,4220
924453440,densaros,4110
5107359350,Bogdan_Tag,4110
8299307941,Ghaaazaal_a,4080
2028055547,Vanysha69,4050
6398563406,Hotyfy,4050
7631562129,Moorniings,4020
1325754844,j77777dd,3990
7120824098,JuliaHow22222222,3990
1539926700,Digrafov,3990
5241303688,mission_winnow,3960
6861025192,Sigma8,3940
7000509721,davidoimports,3920
531256528,sosynec666,3900
5977870475,goawp,3870
721044013,skyplaner777,3860
7005678101,lazzero37,3850
5993781648,asiimovvv,3810
7335863437,zzxxxcc13,3800
1899600457,swagslizz,3790
1829488699,Loniss_az,3790
7388370047,kis_tg,3780
710776960,Sem4ik1,3690
1158803702,miserable623,3690
5420187590,pen1lo,3690
2029840856,orb1tqt,3660
7786541863,,3600
981226963,suaold,3600
5123487828,lospenguinos1,3600
421143333,pazantre32,3600
7648834223,Pr0Hit,3570
863493722,shwepseee,3540
359001399,lexkurx,3510
697017219,Smus1g,3480
435052974,Pavnik79,3450
1653947247,TelegaMAT,3450
861290953,barabarabara229,3390
1809151911,sardorbekoff1,3340
5827085066,fufel_tag,3290
8055853715,maybeforex,3290
1385654940,bbbuuuiii,3270
6047418122,oscurecer,3190
7100768033,yagaplugg,3130
757671800,Dosya_E,3130
7473475028,Zowt1ks,3120
6358074217,aminsiko,3090
5022156247,Andrew_999_039,3060
5240892930,aghrab,3060
5850946624,durove_sosu,3030
891905791,aadmin_footg0l,3000
6537234199,Yarik_Zag,3000
5585395477,Ton9l,2980
8041880759,s1_islam,2970
8239613876,am_aliiy,2910
5858465626,xCRYPTOxMOONxCEOx,2860
5917675483,ArtMet7771,2820
724538684,rainnnndrop,2820
8291257975,saravamboJr,2790
6167142321,Oldik01,2790
844359245,Melnik026,2790
6502359394,globaldurov,2780
784613110,timo6kin,2760
8003310583,scof1eldd,2740
6514293873,APUCTOKPAT52,2670
827094080,yltrasalt2,2670
426907115,Sevlenty,2640
655001641,WexMiddleman,2630
7631984945,zarehetkol,2630
5502233570,mhdi_sp2,2630
1813807694,A_Yuldashev_7,2610
5901465587,vinchester41,2580
1047861894,AndreevPetr1,2570
5874966410,freakmefi,2520
7880672211,capy_talent,2520
1495316144,mrghlb,2510
5326865266,moroz_z7z,2500
7890973874,skam_babyshekiiii,2500
1623996755,da_diddy,2500
7127970905,ezzsex,2480
7618226662,tubikanduser,2480
1857613011,xangodnax,2470
7489870484,ho3eiin00,2460
1122612602,zhjccjvuvu,2440
1323567510,stanislaw0101,2440
7482372580,ornuxyy,2410
5241648638,zovchikvovchick,2400
6441332505,plugVZ,2400
814066250,fairbers,2390
1078276630,M_571632i,2350
601299576,L0UDDY,2340
6749848272,vip_682,2310
820077821,Findy29,2310
885115030,xClownArrizo,2300
464139061,ggg358,2280
290509463,Layerzeroooo,2240
5801329683,goshachebu,2220
6281691075,usdtrub1,2220
5118679766,XeBerrrrrr,2180
6673834373,imRetry,2180
6336923932,Saskold,2170
1317414799,weqqwe1,2160
5674363120,zbabo,2160
1007340434,denkaoda,2160
113532379,Amsan943,2130
6590881168,or_shadow,2130
442890093,oktamov818,2130
7572437237,Canpat_kot,2120
219594008,coolmonacoboy,2100
7819571926,Mr_Chams,2100
8058639220,cuolprit,2100
466686315,your_shepherd,2100
6686712793,Wapwaprrr,2080
1359516711,Viper129,2070
5486704306,oodoak,2070
309726191,ReliableF,2070
1854539250,NXS_tornado,2050
599079734,medegale,2040
1297732890,crypt_owner,2010
6507338926,redropit,2010
6831261762,JocadoBS,2010
6368713252,eldzs,1980
1030498593,spaceinmind,1980
6030805366,pvjorj,1950
5600862241,gylixaa,1950
6944280214,Cherny777,1950
6608074337,Abo_Elzain,1920
6632954722,ata_nextt,1920
7500899027,aziz2433,1920
857971918,FokusNik13,1900
5095920935,AmirkhonKarimov,1860
2055468237,Bobuzol,1860
5720191759,Volkiriy93,1850
901832707,baraban228882,1830
7801092904,nfgiftemoji,1830
8177480825,Jshsndghgc,1830
6978541797,Jenyyy_Officiall,1830
6018138107,PolIo_so2,1800
5777521414,sioki,1800
6072607541,musaaev,1780
5162343677,disslove,1770
7867311001,stoppom,1770
7302030851,terorblad3,1740
779893290,Vit1010,1740
6057006254,boss_ton,1710
582676556,QQAAZZOG,1690
7449115818,Shaggybeard,1680
7822199312,Kubilayxan,1670
1164230467,dkdlql,1650
5323008931,kappadril,1650
1067326100,WW_sqf,1640
1235594330,Empgod,1630
1326184152,PaulDurovFriend,1630
6096264417,,1630
284725068,matwwey,1620
7366944850,Namelessking_42,1620
7313048706,scorpi2on,1590
1164264857,Romanjooo,1590
2008658982,noattackdefi,1560
6888984788,baxosh_16,1530
1658299048,ShmoukIluvusomuch,1530
5393413294,Anon7vip,1530
6155160903,dragoev,1510
1917646896,Slim_Shady_313,1500
1205049532,netlimona,1500
725443699,ceoton,1500
1059240505,montily,1500
5662919178,zremr,1470
7125346669,Legionpal,1470
968846335,alphapve69,1440
7710484478,Power_litet,1440
1255872044,tatsianakopach,1440
768114275,imzonked777,1430
1551446213,konorleo,1430
6646581619,dev_lexa,1430
1380240057,oblya1,1420
5783150605,bright_mmoonn,1410
6411509537,Yunga_gos_222,1410
1046001065,antoncow,1410
1083318149,Ar_2007V,1390
6693228293,Creatmacker,1380
6925188291,GiftGuarantB0t,1380
613134901,DmtLsdThc,1380
1192509703,lervolverg,1380
763584026,broimceo,1370
7705428110,sfenkgls,1360
8089531241,Artur_Yerov,1350
443455261,LegacyMario,1350
910232298,lubitel_pelmeney,1350
6769704346,plane_tg,1330
6078387800,svetanchelo,1320
848556655,gothicdie,1320
5591384988,pofic777,1320
633301489,Malashss,1310
5156556835,Rama05_05,1290
8187960684,szarum,1290
1069626301,PetruchoKol,1260
1952599087,Dino9001,1260
261894535,weakwill,1260
5156199597,CAHEK_PACTAMAH,1250
1936454597,CCC000CC,1230
1770124448,less_14545,1230
7578693097,vanyastasia,1230
5066616882,Faithful_Jesus,1230
7160885743,SEVERNUl,1200
1056239333,loveksr,1200
7000865104,ValoLife,1200
887007870,rayman,1200
7886397779,nftluvone,1180
7527147676,nikitagg6,1170
8012698237,Tonikov788,1160
757835491,w4oso,1140
5723553316,ArtemGRcom,1140
7218154115,dijdfikd4994,1140
1217718184,jzszx,1110
7780258754,BitGangsterus,1110
1741444399,Sky_Lerrrr,1110
692673727,Alldeadyoung,1090
5637089510,Unec_1,1080
1748108610,qqvvyo,1080
8432027312,klavk1n,1080
7135974061,Nesizz,1080
5841427459,wywyn,1060
7951859619,Kduxidje,1050
424132678,avilment,1050
503118393,razrabotchik,1050
1761217359,youngboyneverfriendly,1050
6236047393,YAK3DZA,1050
542092748,kkiiaammM,1050
5410871794,Pupa_jr,1050
1405494054,xsqqo,1050
1056974088,Sweat6800000,1040
7590978324,Wanda4kaNFT,1040
1913929902,g3ode,1020
6219069758,denis08152,1020
1970599599,Abobus2222gg,1020
581927235,vadyaryadom,1020
5747553171,jean_shok,1020
1055802346,llukinn,1000
6056722095,sosalana,990
7735667326,pocelyemsyaa,990
764667249,Yomtu,990
1678766518,BetaDecay,990
7243227826,zizizizizizizizdd,990
5371494295,wivxz,990
8072398828,islandynamic,980
2067211201,Khanzad_kurd,960
7573742889,KillAngel00911,960
7522096023,stive1104,960
1369163073,wussupgng,950
1126729259,Akatenchick,930
2092581768,n1kotim1,930
1516287588,rane1kay,930
1157071210,ilydylmega,930
1834505941,ezhikcrypto,930
6240571871,Graw1Y,930
7138700145,peronerrrr,910
744700668,markcs2,900
1342189898,igor_kredut,900
1894912084,gogii_67,900
481526201,zZZzVVKS,900
826041987,vladUSSR,900
6897505301,CMEPTbI666,900
1356586468,Svetiika,900
1230646474,Dester_2244,900
782697126,nftplayer,900
2087825536,NoSleepy,900
6132810451,Veruy7,900
7177918525,oaxise,890
275872092,oivana,880
1045348492,suetolog3333,880
1315516119,D_A_N_I_L_400,880
7465938675,motagazian,870
970676337,OvercastW,870
1348151020,valuean,870
6381072947,bIolityys,870
5154916323,tolyhan,870
877629641,Crabiant,870
384866005,asyakoshkina,850
1331284409,romanbebro,850
771216188,artwhdm,840
7798469361,CShtorm,840
768271662,deepins_02,840
1281821403,FIVESTARNURIK,840
1324492313,AK_RAF,840
6955561417,pogosyan_05,840
473999110,sadidike,840
783709286,cvpsl,830
5544928457,loryyyxcvv,830
421772992,zakttt,810
7690452656,BeIoyar,810
6045309879,Kara_pv,810
7179476496,t_madrid2,810
5756235270,TopBeautician,810
6149380634,swagteacher,810
7569960818,,810
1540699593,overfast,810
6644911092,shenGorauz,810
5631152079,amor_temporis,800
5190923257,pashadurov_off,790
6713234848,HALESONO,780
7427038063,vad111k,780
2124269056,emadayn,780
6051121573,vips,780
1948030398,clocm,780
766473508,paatau,780
998421349,qwertycvva,780
7656645177,hakemnft,780
723676776,AlexLidman,780
5618346381,Vlad2836,760
900790103,St_Seby,750
306945713,firs_S,750
1495081334,ipablo_dev,750
5566364193,opflx,750
5203635216,mrspuff2,750
5318605986,Lahnaka,750
6111703350,solechance,750
810951961,ktotakoj,750
6275338795,ceoofduck,740
5180803647,i_love_su4ek,730
8072253439,Alenaxxxoe,720
5814357887,jordandzevich,720
1685313331,otkisaet,720
5344352374,MeGuM1nOT,720
5897547941,xrezzzzz,720
857440859,Fix_heart_A,720
1197064137,wentur0,700
1329992388,smokeswag,700
1115222880,Keep_ur_ton,700
105774673,vwhvwh,690
491757797,v1sualist,690
5109992366,ramik0202,690
1873837469,SinArchbishopOfLove,690
6316188569,talonove,690
6422781919,FusyaGoy,690
5284043474,POUYA_RF1,690
5520483721,,690
811869948,loollein,690
7833791026,c199108,690
2001125701,Rostishka_Oyes,670
7322082289,x9meest,660
5214040601,DoNi_Luxury,660
1050336309,wakeupmeee,660
5989888623,Roma_Daily,660
1755451464,L8KA08,660
966899362,PupsiVups1,660
1292330058,DRAG0NSS,660
63918605,Ahmadelahi,660
1391376585,lem0n41,650
2042944010,monkgem,640
1701682755,styagin,630
7931242710,truebucks,630
7702391782,soulssgift,630
5013859089,Ghoulnish,610
5868853024,Ry1zze14,610
2073548521,whale_fragment,610
160272253,nanakulikova,600
485373944,TakerSoul,600
1813709307,pmdiego,600
1352575814,Assex3,600
762289019,bezdar_cash,600
782944564,kkaver,600
2042377091,Bekinda,600
7052513628,crimekiII,600
865178331,tilxd,600
7027617224,i9_12900k,600
6186324008,IDLUCA,600
5422769004,Juxaju,600
739247122,nfthuh,600
1628701423,Gift_Investor,600
7672698455,neutronw,600
1315983898,rexab_hunter,600
5340281803,blttz,600
634603199,tipidotka,600
8021755803,bagdurov,600
1204412284,just_a_prank_bro,590
5215166798,xyecoc12343,590
5560457243,wpersonxd,580
6354926137,Amin6G,570
5288525763,merkuloff05,570
5806883599,arturzloy,570
6119724802,Paxan_durova1,570
162585207,Shlavat,570
7215559461,Slangyezzz,570
5371285873,get_west10,570
1234165165,ALLAX_PIG,570
8260109724,dvsdfa,570
6386270698,akkkord_001,550
1204663665,academiknayk,550
1108927851,vncvnbc,550
5199682459,arrinnww,550
1875695005,Doctornifario,540
706037540,MVPmaverik,540
1771531952,krackdurov,540
7240311063,aviiiwd,540
664608663,morshikk,540
5157686611,V0Koosha,540
6783863163,sfpa15,540
967908393,caxapCVV,540
6697447649,SkwyziTag,540
5237468303,extazy_dealer,540
743042731,xoka_tg,540
6545699212,Qwent_Ghost,540
7002233714,sanex_88,540
5045023016,qmguk,530
5903948064,Nsjcmw,520
5356314782,PV_mobhAm1,510
977537468,saekikes_boy,510
1825529210,straxkruto,510
818668382,myr2021,510
301564166,jiestdaq,510
1275792643,roos_ters,510
1180248070,yarek42bratyxa,510
5622576115,RAKUZA_N,510
1098984897,ka1f_ar1k,510
7001067995,Kopite234,510
6621268801,kjgffnbfdr,510
1892137469,dra1nx,510
5858135640,lol1a0,510
2054108323,chuitsvdetk66,510
569414063,Dmitriy_Muzychenko,500
5760159619,psychoblesz,500
8484008484,jeksslaa,500
5214946105,dmitriyhk,500
6516177743,ultimaskks,490
1249948472,crulf,490
5784566405,mohammadcodm,480
5113236997,OrgyChannel,480
978153481,DaryaTolstikova,480
1244573602,pubertatni,480
5129003413,AbTiN_TLG,480
7779142095,dotadwa,480
5202830746,soslan121,480
8125982104,durovKOSMOS,480
736891225,godblsdd,480
1157679004,sankabelka228,480
236847909,aimurf,480
6522323484,kkvvsqp,480
6048975433,xrimv,480
835562650,mooortem,480
6862240295,BLESSGIVE,480
999604964,patrypapa,470
5440728038,cch1b1k,470
1638887046,Analitik_Titek,460
1621858232,F0ldik,460
7068371311,ahadkitush,450
751843068,n4xyi,450
650214839,IdealDemi,450
8008285413,Hddiodjei,450
5286407531,dimsaid,450
896857183,Truiah,450
7063113440,zxcwen,450
1825711015,u787s,450
1864546709,tomas_tomorr,450
854432804,PAbloMCo,450
7813799546,adjust00,420
6510184206,SMERTNIK_MERTV,420
1664503611,qlsoslandy,420
7606868525,fffffdsssseeeecc,420
346475866,emcheetos,420
7128243117,FindShayan,420
1752037395,Krtnzzz,420
1921579896,skmle4,420
6826442112,id09891,420
2015921295,Bear870,420
6674189444,Morny2004,420
6109112138,Kakashkefob1a,420
5421810525,crikoe,400
7931665828,openforsaler,400
664102552,lildesp,390
790615972,CrepyTheCreator,390
1663012978,barzzww,390
1175335156,xax_baby,390
348509783,Markela2h,390
1257751177,MAKS00N4IK,390
8197170121,temmog,390
1385267641,K1selll,390
6164604635,,390
2136648698,Well_see1,390
1411536629,yar0slave1,390
5798497387,ReallyTwizzyRich,380
7982856795,wogxo,380
1609166224,linkerrr_official,380
1220728585,Dubotchima,370
220304044,dmitriex,360
1093553203,asapihs,360
641016266,gunplayer,360
1284370382,LekS1l,360
1132232024,rizkez4,360
1506272385,aphx2,360
1702924317,lizochkaksk,360
6400169523,wevxgwv,360
8069918483,zalokas,360
665608579,,360
1412978775,Iesorub,360
737293432,Hommma,360
482874123,kurokito,340
5847663006,Vovchik5242,340
1045346846,CryptoNikis,340
518621495,MrTitem,330
2080909187,mopcick,330
1066464196,d1vine1337,330
2090415079,w0mrks,330
1644291294,WOBOC,330
1733194251,U_S_A_U_K,330
659661273,masurii,330
2004362578,BladeTag,330
85727235,pygeorge,330
57261063,Sinicyn,330
5388796933,dannnxq,330
8097127332,topokirka,330
7865577601,qq_swag,330
1049131463,BaNdErA77vsh,330
8133446113,Rolex_Main,330
5448228406,Biznes_Capitalist,330
7633478783,Hokeeee,330
1443373044,joaia,330
5349399414,dfcjl,330
8183933428,bokwood,330
7814324285,teIIaccount,310
335363936,nelomaka,300
1043161472,BE30TBETCTBEHHOCTb,300
1634633837,moeiinahmadi,300
5398379471,tut_y_tam,300
5278920868,podbro22,300
5600612517,aggchh,300
5503931488,Mkr7848,300
6185698217,arseniy_iooo,300
1805262,itimzavadic,300
306310733,,300
7314190383,Aibore,300
1469458326,GOGA_THE_GEORGIAN,300
5747889546,zwado,300
5151719160,g1klo3r,300
752321862,drillgirl2009,300
1961298624,,300
5397195165,Goatqk,300
1094349146,jacksysX,300
638673949,HDpulse,300
5030996934,qprieu,300
383679912,wswagwswagw,300
7071099899,motreap,300
5336784008,Fanat1zm,300
6462061008,WhatsApp_kod,300
894710522,ermutka,300
7601552159,headphantom,300
930774321,GroVe999,300
1029201709,jjBooo,300
6858001595,lilcutegoat,300
7373180373,wornvxbz,300
930309009,hehskala,300
6746761332,SSS_SpaRKy5906,300
7463593778,RabaaaaAll,300
7265824806,Dismorfich,300
7563414819,Minman9,300
1981323640,eternaleva,300
728180656,twigbysoulja,300
205275389,Sq1111111,300
1134646455,pluugzzy,300
773417172,OXPAHA2004,290
5088414145,mefffistopheles,290
6234478042,Rotmans_Marllboro,290
1815048559,UIeWggabg,280
1008339530,DurovPEPEE,270
2112943291,whyska,270
6514381732,EROR9_9_9,270
786538177,dreder02,270
530739281,marckusb,270
804831422,didjey222,270
891991404,zafekekWW,270
7509306456,ivaxyeblya,270
6128185679,LiLFIash,270
7262316269,con4ch,270
5130011453,Zackidos32,270
1365874717,reslyy,270
1059810025,LordSaurons,270
1295770645,ataevanat,270
5024117069,antisociiaI,270
7322407932,Kupersmi,270
6560441507,badnemon,270
1095688462,fpibankzzz,270
757488541,hatethismf,260
7438072162,cripta_telegram,250
5222342778,Denisbezp,240
262883341,tatriarx,240
5150478601,teperponyal,240
5745574341,Shade_exam,240
678995187,Polka219,240
699809942,ai20258,240
5049733823,Gro_oza,240
2139765761,ALEKS8_8_8,240
7587730152,yg_melo,240
5064861219,qlome,240
6571731029,,240
7851923223,Affective_Void,240
1946054007,tarriwx,240
781091879,arvinemon,240
8127795300,Asas381,240
721607989,wentyylator,240
1209309240,gffffdhe,240
7377558332,giftoludik,240
1114594175,Tema_Arovv,240
421761770,Bismarck1,240
7338896314,chudesa_def,240
6889898104,ewsnt,240
6929628415,SeoParen,240
5518161963,gu4laopium,240
904073500,botfret,230
5022123281,Thats_realIy_me,220
8198846410,Ali_Binary,210
649072490,youkenir,210
7881312752,azzeg,210
764098494,PrriaM,210
5066095102,egoor1107,210
6006373574,Ratherfeelpain,210
349275290,ulises0154,210
894165749,kkk9okkk,210
981075989,ksazkxkxj,210
1794405971,absolutely_nob0dy,210
7503191704,bystomj,210
6140599356,King15179,210
1929393425,M_re_za,210
7353522473,YTKaru2101,210
1990443466,ArtemKasparyan,210
1447130113,Smartovski,210
5768284233,sandess1,210
6777004819,Muslimget,210
922432928,alsoyt,210
789948676,Kr5sh,210
1352334727,TheFIRSTYk,210
1994427118,Vladingss333,210
953140353,whywhywh4,200
1728855568,murcich69,200
1431542823,Nickolay_Gross,200
509830618,pxlnqx,200
5273198594,Dexter7072,200
713785415,sssamated,200
7677744581,Tankerlk,200
2095290688,jornbjerk,200
5220996742,PsihopatOZN,200
666702764,georgegarson,200
1865092134,madbod_77,200
981273139,Fartgengcyka,190
126443616,Skdlelelkf,190
1405583218,qf1qzzzz,190
5176347466,kulguskin20,190
1514824523,KorDiool,190
757595023,Rlster,180
319554241,mopklu,180
883860599,wauze2k,180
565295496,eryominem,180
2030158859,simix33,180
6866198181,P4_farzad,180
6262561490,ii_foad,180
5063569509,GGG296,180
6461242620,coins_send,180
5084416163,jutsusol,180
5615447073,parsawashere,180
7198022431,seriousazer,180
7456755667,Belov50,180
1051615618,Denort8777,180
1916688106,TeenClub_Love,180
8158135669,Ghalodi,180
1996309747,elikimperator,180
1581331084,Ras1st,180
6300733534,swaga_is_present,180
1560556883,kkai4ngel,180
422101943,Evgeniy8829,180
5008450522,perfectname_dis,180
931873912,makintosssh,180
558112709,TrueFuckers,180
7879265979,koloradex,180
1867772976,timondii,180
540008004,lyublyu_yanu,180
7159484911,whoismyname1,180
6808713594,SPARTA3V,180
1635440513,serezhaoduwan,180
1668142039,YO_nebydybolishe,180
5174292586,KENTHDH,180
8174170283,albetik2025,160
466675846,zalevskiy777,150
1633516282,EntranceToParadise,150
1290201309,prostoandreysuiarko,150
1570938628,great_pavell,150
1834448994,maksloh8,150
354789619,Mandarin79,150
231808550,knotai_99,150
6662740937,irina_tonso,150
6156341648,Mirzo149,150
5438098255,komaxh,150
1385762824,Shinjite_ita,150
5437098744,denysjopa,150
1233509213,MarquitosSparkly,150
7332564167,denshnl,150
1283217642,winly7036,150
1045747683,,150
892421603,niki5500,150
7602728698,graf_telega,150
5117629609,reyzzerov,150
6609534040,Factorica1,150
8154971044,amirdtji,150
5202393406,Ya_Yan2,150
227501371,fozzepe,150
7502043878,Ageork,150
5000053580,oxeomov,150
7398742683,UnDerW00,150
6306179076,SEVERv1,150
7978496013,aveanonymous,150
673226460,tumobog,150
7742234386,oleg_qz,150
476433897,medvedkooo,150
2088946081,PoluPoxer,150
5157833109,sjknen,150
1115890112,m_ariiandam,150
1398024324,Reytrill,150
5197245295,nyxoin,150
7880741392,youdrok,150
6050840730,SofterGoda,150
5977938018,levnqq,150
737173565,kistayyyyy,150
6950270764,halfbacks,150
6587626968,hell0mortal,150
1419366277,saz1xsss,150
6593230996,parsa_TG,150
6318004698,guberNaor,150
5717974965,benzo_otsos,150
6330684957,dimontev,150
5870673180,molester69,150
5169985684,vokxi,150
7085419501,meowmyrar,150
7733453439,Devxa,150
6027173502,Sayhoon_YT,150
581164202,artistdead,150
177712887,InsideCradle,150
927813890,be1mer,150
5225574364,s_lll_v,150
2124885625,fghfghzxcftgh,150
6598862444,Eblanko228,150
5725585698,yazideto1,150
1895926748,P48843,150
1946040333,Two_Mk,150
2038771927,Warboyski,150
5563184977,Qwertph,150
1973135997,DaKiddi,150
7244509871,NiLo_MahYar,150
7839466505,saylessthanwant,150
7806667134,tjopa,150
5870346376,fisenkoz,150
471639915,threehundrred,150
7760804341,jatemag,150
943015355,JANGO012,150
2045479010,Kirilloss1,130
6174848018,VovasNov,130
7807338378,nwasei,130
6558290277,NorthNigger,130
8038611962,maghzym,130
1056534681,MidNeLane,130
5469458496,dep_niceis,130
1173698485,Destortes,130
1176428015,di0nka_7333333,130
582852790,Vvooosh,120
7566161287,soulzx11,120
6167677604,Pharaoh63473750,120
624219039,ilya_walter,120
5931278694,krnbyvas,120
407677226,user70_07,120
1454194107,Vlad7jk,120
6558022310,winstonpp,120
1096859427,zxcdoxwt,120
692181108,svendel,120
43182717,nikitalv,120
7346894202,Steff_carry30,120
5726758553,megapon358,120
1600961683,ARESTOVAN_PVP_DRIP_ESHKERE_SIGMO,120
1033249242,suckmyass02,120
6483497308,Soxsjnday,120
2085818163,ownerofredo,120
5676485852,Teerynae,120
447971687,agent_dogecoin,120
7349208982,Vecthgf,120
702126513,Soon_rehab,120
1460339197,Kanye_Crypto,120
6722886506,Takoy_Umarchik,120
1307553557,HellaGifts,120
866485414,Biglanch35,120
778133993,copro,120
1418357406,kvv1ac,120
7287655290,apileon,120
864717998,futuremade,120
7939028187,noir_zdx,120
1419410877,Wibesis,120
917693266,mutserxvsk,120
6174555892,Artur_S_G,120
7909479470,hogriq,120
1366275728,Aliakbar_azs,120
1086317404,blllatt,120
6239502151,gvdingu,120
961844462,gtdvhg,120
7041783289,printerpoker,120
7333068660,Vvvoo2024,120
546335740,sh11ttluvh,120
5432223088,AWCsiski,120
970476748,rummyuacore,120
5591271820,yamiks23,120
1650797230,maximovichn,120
1226305714,TheEngineOfProgress,120
5336326308,PV_danials,120
5137578217,Brat5566As,120
1842748134,Vvvnmlk,120
867296783,TwoyOtec,120
1939999353,Dimkubir,120
995308268,sashalint,120
1452363752,flowchortik,120
1238633758,FighterMan2087,120
1099019156,terorkarti,120
620022357,olohhasoha,120
7156081910,icespeedway_373,120
5852307913,Ner0_Secre,100
1200042735,In0nly,100
577460821,bendeveryone,100
1773721900,drm0802,100
1090934723,vikki_kiz,100
2063641579,ofisnyybegemot,100
7324363860,gospodbox,100
5587201469,Lexarickowens,100
822701535,,100
1073893972,akulenok089,100
1954016120,busd_sell,100
690771726,Nait65,100
1624125525,jtoysq,100
1494276978,Watermelonfucker,100
914710219,km01xl,100
7131453765,Yololol8,100
848182663,mwillowv,90
1283726885,BiznessRazum,90
1274761269,pikachu_zxc,90
931009853,pupseen,90
689402917,Alir6z9,90
2040036541,Egor_na_spake,90
472486075,MKZ362,90
1307619341,The_media_bruh,90
7308287411,karateltvoy,90
503016130,bartix800xy,90
8290287759,SweetieFoxUwU,90
8133366767,WIRUSCHEK,90
5654350058,tematema20,90
7288282387,Amirhossein282828,90
7318810322,recentlly_qq,90
5202953306,Chishkopro,90
601330116,S_Zheleznov,90
638292004,bydy_vashim_kotom,90
1381429603,YinYang,90
5853312377,Fou2oc3flfh3mfbk,90
2074740678,Siuica,90
8154184638,netwooorkkk,90
1457567485,promysed,90
5632638550,avitologys,90
6897134383,maksimkatg,90
8030716043,Venousextract,90
1681737587,Dismocore,90
5548817393,allexnisa,90
7648186481,find_me_interpol,90
8048314272,R1mi888,90
8144351151,Intermetamorphoss,90
907178575,swaginventor,90
7106455261,GodMover,90
551603105,cheesecakeytt,90
8172620245,Gsusudhshs,90
984156890,merffyyy,90
2067774066,hellisti,90
397782049,murlocq,90
1769779022,kiffyk,90
8071731619,JIURc,90
6402708527,ho1lys,90
7827603033,im_bronze,90
1742141801,raslov2,90
5427313005,m1ndy,90
720206665,nevermx,90
1718316348,zzzhttps20,90
467162479,Svetbobrj,90
7031724230,KioToSoia,90
5590834072,hi_tron,90
1625722590,BoobieColeman,90
1149142798,deeda03,90
5409011350,Bln4k,90
5055136423,ayanamireeiii,90
7886533512,Supreme_Spell,90
1482803819,Slowlk,90
2108349530,vadim_ltx,90
6660806220,lilikirom,90
6182246350,Motolove73,90
7231446444,CTPAHA_BYTLEROV,90
835904427,chattytoaster,90
7471310421,cryptoman_ton_sale,90
5094921537,papa_durov1,90
6274968980,OXOPOHA_NOVUS,90
5474771056,JUNBESH,90
8037570922,ksd1001,90
560899318,CoinZah,90
7376212709,twerk_off,90
6708952595,,90
551963406,oleguaa,90
1630257259,eggwizard,90
5808648432,rolik122,90
534615933,H_N_2024,90
5794472585,gl0mo,90
6224468011,ebyzadurova,90
1449458948,ArtemBiznesMen,90
1918442542,kidlouis,90
959405132,shitgotenemy,90
5156989835,Gigachadig,90
598232652,vels0,90
5242299153,Killk10,90
5174209982,imwertyx,90
1033299432,xc12xcger,90
6695345410,wersssss,90
951981377,Merakilin,90
7907076477,Mortisteg,90
5351062147,magnat754,90
6823215604,coldroseadm,90
1308464043,Shadow_Fiend44,90
7803653626,user74208,90
663646310,asapowenu,90
6377916851,chebasss,90
7494122884,qzude_oka,90
8145279435,voiq1,90
6535399809,nikten10,90
136632709,MADARAUCHlHA,90
5291439479,nortsfr,90
6426641566,Ari_est1,90
6016446056,VIBE_SHOP_IR,90
779110508,Bloodyawful,90
1342215391,uunnif,90
924642594,TNIOPHSALF,90
7184903848,mob3rr,90
5847488740,Ec3nin,90
2098721917,reweqq,90
1268573786,le_vouche,90
625194502,WgZews,90
1223388316,conorshaaw,60
1225776867,romfxx,60
5682018169,not_savely,60
1275793772,Egorik603,60
676766330,Igorek_200iq,60
1150686377,fiyteh,60
1152113928,ssg_solomen,60
524933212,mala1kaa,60
1005686554,Eduard_Tovmasyan,60
6171713522,XNN_13,60
5206843487,Maylary,60
1815292941,Ssttrraanniikkk,60
1295522928,EugenoIo,60
1660532364,MRIQ200,60
1618524585,P777KP,60
707474348,pankratovw,60
7007407186,miron53003,60
5196896415,Tahasadrrr,60
934104996,Faraar,60
233555269,Ramis_VH,60
5833661006,newera666,60
5816797458,dagseller,60
2110370469,Evgeny043,60
984865353,Yurec51,60
7727029975,temaglx,60
1370309087,adidasssw,60
6412821858,ZETABEBRA,60
1888405741,Khodeamin77,60
5038462719,,60
1583120499,nikitossex,60
6285038220,manukyan126,60
1502879859,bairikon,60
6509806591,ya_w1nter,60
6553233080,andrewmalkh,60
1586397604,sswiqxx,60
1103206178,Erevan_ash,60
2052568099,MammyDurova,60
5947739564,Vikklyy,60
7315360822,shshjakskzkskv,60
5537549672,polll777,60
922256619,BYSIKI111,60
1600739496,Kvenzys,60
812433170,GoodzDay,60
627112667,primlock,60
8420789438,sw1chblad3,60
6644412336,maksimsol07,60
6356903615,Mef_Mefffich,60
978484350,NineMiceOriginal,60
6954049097,fintikz,60
1087813199,ad3kvt,60
798928077,p44van,60
1400036323,uvoly,60
1081430672,anonymous_dude171,60
1882301411,arnykopar202,60
6893219333,flexyscamm,60
1092217112,IloveNastya72,60
7550225325,fuskdotov,60
1815443091,behneam,60
5048838878,radiinee,60
5131658808,DimanBirjukov,60
7398389267,Do_sha2,60
1775260362,ezFLwas,60
808367453,YaDinarka,60
5656019209,Or_actor,60
5890147781,notweakhands,60
1887687787,Terletska1,60
1535322081,vorvzakonnne,60
5485985861,Salonoob,60
5615019712,glopglopglab,60
902791176,murmikss,60
637258016,xnsense,60
5535190035,unexpectedgrowth,60
1331742973,truetrendsetter,60
5776032239,nownownow777,60
7734298474,vvasiat,60
7183020291,qazuzs,60
7329360268,Cureptan,60
7013342960,messi_messi_lm10,60
5441598647,AbdullaKZ,60
6613461934,Doom666shop,60
6495704176,oyvar,60
2091711020,gnida_love,60
6606179161,kakhramonov1cc,60
8130135861,Wvurc,60
6499074065,PVABOLF,60
745871666,gg_lantamer,60
5436839861,why_s1kelzzz,60
485155275,pittoxa111,60
6900632709,oret911,60
902871242,ilya_chiberyov,60
5143963067,L0remy,60
5462642714,motor41kk,60
8085291383,sendinc,60
1811032758,h1dem,60
8048459996,Zzhmeee,60
1163534789,Chillychaaaan,60
979867524,vahoo182,60
963380039,winderry,60
2077048544,nenene91,60
5274317319,devezyaka,60
1662629673,ARIAN_TN,60
7791423555,bniiy,60
6985515364,takoyalex,60
1382255138,thesmile77,60
5082117705,trap_a_xolik,60
5747732826,oxitioz,60
6310643181,pascholnaxyu,60
5905587868,Senchik555,60
1092693836,w1zzzyyy,60
5865607259,magaxyecoc,60
699204629,MOT_CMD,60
842895099,totorotort,60
7586537777,,60
1697579490,posikovv,60
579700731,kontuzik2008,60
6989813730,gxjoz,60
5785753461,,60
7243757555,Uukokoin,60
273111178,beatsonfire,60
1955882293,plugovq,60
7043754470,hamapc,60
7651286561,xolov_totsamiy,60
5141210166,vladsrgg,60
8123057966,shard_tg,60
5976284847,The_cheshat,60
611148560,gunnyqq,60
6205527857,Tahawchi,60
393834419,vfynehjd,60
1198048646,kentyrik1,60
7760490520,usertyuq,60
6223430072,Ris_J,60
8003968631,Samson0906,60
8476419751,blant812,60
5630659210,crazytime50x,60
710834848,SnowFlakeSar,60
1222272011,Kost_mos,60
969577498,setwarning,60
341087014,krip0chek,30
646196726,coper293,30
6275183838,ansedise,30
6653693381,MAAKSIM1122,30
313895609,DmitryUtk,30
190609985,kealia,30
6226743236,WhyK1tanna,30
7796708099,Liiiiiilv,30
1798740138,clunai,30
2021611872,Mo70m,30
1891336006,God_Ussop123,30
5188457770,deeeemb,30
1378222937,StiletMetro,30
5782621049,kbrbkk,30
1839126141,nft_durov_gift,30
1610148500,Slizny,30
1785915175,PARSAofTON,30
7254356683,P_Drilla69,30
619514490,ssunderr,30
5076392876,fortunaway,30
972517400,Ionlyloveher4,30
1235302501,shitnaiter,30
6887895036,TGIV69,30
5286687676,richforeveraye,30
5253371711,Vintiseven,30
6903338829,pogomil,30
7615833576,stepka_ymnishka,30
911229139,zKOTx,30
8199416824,ladnplsl,30
6639826744,b3zda4r,30
648663877,ruckemsuckem,30
7609539573,LMetaforaJ,30
851530728,ghDmitriy,30
7242520627,mikyw1k,30
7355927834,TheMrTommyShelby,30
7277552886,,30
1126614461,fnoxe,30
6310968319,Kitill_GG,30
7517810096,SeyShahaab,30
1863773287,Oxxxymirontabits,30
1653316288,KeanuNeo1,30
5417335670,Mehovik_52000,30
5896801879,Am_Behzad,30
5351895107,gonlune,30
5125578680,boltik_d,30
7794869822,maximchik1007,30
1132812483,xpsDendi,30
817565140,bodya_areh,30
1165239277,iambornedhope,30
1922891205,iMoHsenr,30
6725439504,Moti_7ixl,30
8382769254,mmdjkob,30
1169572192,kkoalich,30
1889664241,Maximcosaca1,30
7919256515,gift_consultant,30
650971359,R0sti4,30
429705700,Denix39,30
5294542738,suicllde,30
5551634642,Zuhrrov34,30
706421873,,30
1257945632,rrusikss,30
5309745449,jaiaiwins,30
7901205039,scamm33r,30
1305766328,wetclouds,30
1031498803,tishass,30
5187241474,Wolf_z_wolf,30
1516746304,MrRosts,30
1479557121,Heavykusha,30
860719491,runsrxxd,30
7762068886,Akuritas,30
692121521,MarcEckos,30
1904733631,iqaus,30
1209991463,Ayebybangnida,30
7879960037,DIct0tor,30
6803281333,bababafa666,30
1893638013,Tader1,30
895257715,ioio000ioiogg,30
1209910590,Dm_Maksim,30
760010940,maxsnc,30
1026194997,xligwevnk,30
846748206,OnFairfax,30
7553794789,Fuck_Morty,30
519846718,max_st24,30
1004448729,Why_Absolute1,30
5505193406,KAA0561,30
5864709975,Cryptodevelopmen,30
1291821164,Savkkinn,30
7900806207,nick6name,30
1168554692,iskanderka46,30
1364377530,beelyayn,30
1024978574,AntonNine,30
831043413,zenweb,30
5033750465,Skyvodka,30
5081748218,zz1trax,30
1175035818,Dekfix,30
1335619153,bosyannn,30
7668821708,Niki7a7a,30
1214771189,Ebanashka0038,30
5271236508,btcpresident,30
6378359933,Moonlight763,30
1787078542,nodirivich_i,30
6895950801,Renozol,30
2127608581,rpgtusina,30
406848203,Alex_2359,30
1479852440,Quv1Li,30
5109378667,Cocadel,30
1856838643,matinf117,30
528052187,neosdart,30
7760341062,gift_sell_TON,30
848924247,jkjkjsnxh,30
971077758,titskick,30
1654359652,urmvrk,30
918144655,huggywagi,30
1346174843,ryazncv,30
7616863231,ebanushkin,30
1621365416,hhAAsrti,30
7667550267,Imunderstar,30
1399216779,Tikvach,30
1964062759,herosentc,30
6613677305,worpf,30
6090693281,yttdskotikgames,30
5363318272,emirueid,30
1468742476,vadwq1,30
8486482563,sendinpo0,30
5913988383,merkantilnayatvari,30
1689949184,ghou1gg,30
5461282551,Tema911228,30
5322965879,mvpqq,30
6804721019,RoyalMidas,30
7019944867,ReaIarian,30
1283681976,janekurjudope,30
7521467967,dalrad,30
7444606946,Fayswss,30
6465123118,rainsexsmile,30
8495366208,,30
1443209894,qwezee_z,30
2090053947,KoNstaNtiN46ru,30
5694946241,Kabachek,30
1403733967,msksgg,30
5790113969,Mbap_eeee,30
6373475293,mystudiolife,30
1672602147,ifykyk15k,30
5342161006,Xpaod,30
438902471,murd3r3ss,30
553400912,dest_royer1,30
738047699,Raibon4k,30
6301329712,AlexWithT,30
7919167137,youcoId,30
1501650896,kotyaradj,30
7343371443,xelnixd,30
887266987,volfram11,30
5263505823,TrudnoBe,30
1750009429,,30
789462350,smrkf8,30
549642268,x0xXxX0x0XxXx0x,30
98557876,v1gar,30
5141279333,wikli,30
6424843578,Tenkai_solo,30
1861896795,Mishka628,30
6304284911,kirix1x,30
1819037003,Daniil023,30
7634066133,Sancho_20102010,30
6012417002,ceosteth,30
1606208468,durovskyj,30
2069275665,pipigos,30
1351519193,WooD1120,30
1416436377,Good_night01,30
5937852183,UNICCCCON,30
343069019,ppii_yo,30
5877778245,sem4ik339,30
1273578525,Samansyyd,30
5841370844,RAINESS444,30
7197877024,alirxq4,30
7776023053,ortikovcmbk,30
7323396593,BALENCIAGA_main,30
1370575448,squazik,30
707416485,Evill_killer,30
381578222,rampowwer,30
7452160431,Ogyr4k_666,30
5718198879,flipflapflubadubadap,30
825038915,romabyk24,30
428655153,omenx111,30
6447156088,bankaySPB,30
812444944,kokcer,30
2018285935,ponytno796,30
8031184607,vesta_222,30
240618430,mikhail_no456,30
1958423862,kis31evSky,30
7857759713,Imsoul3,30
1168471342,raxitte,30
7116382630,pypypy039,30
5308125748,CmAuLik77,30
7608926366,,30
6368420731,samsacrime,30
7217931879,ReaIsajad,30
6117160224,mszxqw,30
5583685428,azzzmatov,30
5161352556,exitwork,30
6590567781,YJJJJN,30
6303205576,Timoka_sp,30
977589246,Future_krms,30
5092368063,eld56,30
831098889,kdkakdh,30
1746795956,Has1kaaaaaa,30
151439543,n_nikolay_0001,30
5808748858,Securit78,30
6753120451,Iliyaopo,30
7428076284,Z4MsE,30
1790888507,tkdwtfff,30
8342573959,teleuuu1,30
5189512336,TerrtyTEm,30
738625464,lkhufto,30
138793474,alllexzzz,30
1314719284,iskamr,30
6726471653,skypespeaker,30
2092893642,Rrrrrrr128hs,30
1067813244,Cat_0_0_nis,30
8181882503,eltinn123,30
461417487,lex_les,30
792253810,kucej1b,30
1200937052,baton_net,30
1105200047,FAB_BD,30
444737973,Nikitoster1,30
5573933608,messier101,30
1707545799,Wudulio,30
713571921,xdcvnl,30
5184664105,Barbossa_number_one,30
884255826,cchivo,30
6039305464,kayxd3,30
6655501801,QuwartAccount,30
1198440060,k1oooyn,30
7708605934,Imirongolem,30
6804189497,ttimmoshaa,30
7697662041,ckamep_mam,30
8019160020,kupon27,30
1385174229,Bel1cos,30
5222595160,Moty_2002,30
5103676930,shabeka7,30
5429028495,wexxxxixx,30
1216687089,Bolodyy,30
6087996208,Alex207777,30
8432917664,PVXOP,30
710802141,errti1,30
7728980997,top4ikdf7,30
811976387,Vladosikstar,30
6579628184,novoani,30
1271918234,Mr_Lil0nly,30
5733183652,uasjoo,30
8192880988,loboea,30
1927657013,Tap4eX,30
5842645972,wzrtyyy,30
1739258554,Lexa_2_2_8,30
7315204778,B_E_B_O_O_7,30
31846575,OrPerets,30
689944875,sovexes,30
1675032169,krytoi_1111,30
882057207,dimaahelp,30
6820910692,Inf3rna1s,30
7671001953,xivivid6,30
5261116804,Gonc_a15,30
1760051790,un1xzzz,30
1190757934,nikos_king,30
7131257528,n1kita72,30
1294464733,amoraInyi,30
470569102,bttgboy,30
6309392613,,30
1055754915,Myauuuuuyu,30
1456183419,Bustyra,30
849272409,Alexos96,30
7411525418,Vjuro,30
5346002628,dashaaaaa_08,30
429530839,tim8ka,30
1362519446,drefhug,30
423320629,konstk1,30
1034438140,krip_me4nik,30
875920163,clifqq,30
7296771694,romaromaq,30
6061911815,anasha_its_ok,30
5492700670,Officialdororo,30
7775993927,scamilli,30
6199545092,Kwngubq,30
5244516859,aydro,30
6551901267,Dizastez,30
1694721189,IsKaR_Web,30
505282071,Artapedd,30
5153243561,Adelsl,30
8110767035,ArtemTYCom,30
1911550424,Baristann0,30
1691919590,menyazdecnet,30
1778320522,chuchmek_boriz,30
8360234604,Butterflys_LORD,30
5802562212,fpsx51,30
7087642303,Ahihabmuin,30
788399571,patikoroley,30
5132643016,Motherfucker010,30
165039994,krystars,30
1147271923,sansj0,30
1939904175,curlyy46,30
1904570146,Bimbizyana,30
65569685,Vetach,30
469477106,phanarora,30
1670301283,kuaqqe,30
1577983880,Moxito_To,30
2010781937,himeresov,30
822286605,levsmil,30
6375365788,Mits_061,30
379968573,damnyan1,30
7188143660,Slayerurmom,30
5802096662,maks1mvv,30
1907037811,kosmosikk,30
7372498545,rinngarant,30
5373919151,kulteia,30
7735553314,sexbIood,30
1986482779,qqniqq,30
7055153975,odiljanovzzz,30
672133462,ARSS_31,30
5776539200,Papanap,30
8396728699,Ggg_javad,30